,title,desc,date,datetime,link,img,media,site
0,The Inside Story of Microsoft's Partnership with OpenAI,,3 days ago,2023-12-01 07:16:16.417645,news.google.com/articles/CBMiZGh0dHBzOi8vd3d3Lm5ld3lvcmtlci5jb20vbWFnYXppbmUvMjAyMy8xMi8xMS90aGUtaW5zaWRlLXN0b3J5LW9mLW1pY3Jvc29mdHMtcGFydG5lcnNoaXAtd2l0aC1vcGVuYWnSAQA?hl=en-US&gl=US&ceid=US%3Aen,https://lh3.googleusercontent.com/proxy/uS28FicKfOopgCE2pdyROuGdo97U-yDrRj1FvCgIHoXG-29t8krUkdK5UjQZsWzqcKHAvqnEB7R0Z4BLlHwlm-g12kO17_SUIgogWYVoAXyeegtVuETWNgJ-A83ns9y_2KHFCTSXJkN7LAlbCfIUn-lGSXEBO_gYImZw3A=s0-w200-h112-dcpVSIraEH,The New Yorker,
1,Microsoft secures nonvoting board seat at OpenAI,,5 days ago,2023-11-29 07:16:16.418681,news.google.com/articles/CBMiV2h0dHBzOi8vd3d3LmNuYmMuY29tLzIwMjMvMTEvMjkvbWljcm9zb2Z0LXNlY3VyZXMtbm9uLXZvdGluZy1ib2FyZC1zZWF0LWF0LW9wZW5haS0uaHRtbNIBAA?hl=en-US&gl=US&ceid=US%3Aen,https://lh3.googleusercontent.com/proxy/mpOzLArvzA_DiPYfvJGw5H18aVpmnfANxWrRBzXVke2c9qK80XTCI8xw0dp6tTApXlX00gOc-Ln-rDse32ODSHx1TeGgBbR8hM2E5R7wVT7cM2dv3JClvk4KCXf3G-9aiZP3tuDP15QVJmex-qEiokOqQqbeNCPR1_YgbZ1LBlFec0lRt7xWmsEG9HmwlmywRLIYjwoN5meY2Ww2LeHq1e_c1mQWZnfNc0gCq-Ck4Tw=s0-w200-h112-dcKWSMrrEG,CNBC,
2,Microsoft Needs a Better Seat at OpenAI's Table,,Nov 27,,news.google.com/articles/CBMiU2h0dHBzOi8vd3d3Lndzai5jb20vdGVjaC9haS9taWNyb3NvZnQtbmVlZHMtYS1iZXR0ZXItc2VhdC1hdC1vcGVuYWlzLXRhYmxlLTY0YmMzYzNi0gEA?hl=en-US&gl=US&ceid=US%3Aen,https://lh3.googleusercontent.com/proxy/sz4LchRkDTM3yHgB8m3TJM8taLfs0B6lzWCH6NbHLSP1P_pownzJ8AHc15qIIbV8gdQXktdnRymcrAsXesZHKS_zI3YqX7ZC-TvTk8XLfFo=s0-w200-h112-dciVOWpqII,The Wall Street Journal,
3,"AWS unveils 'Amazon Q' AI assistant, jabs at Microsoft and OpenAI ...",,6 days ago,2023-11-28 07:16:16.420499,news.google.com/articles/CBMiaWh0dHBzOi8vd3d3LmdlZWt3aXJlLmNvbS8yMDIzL2F3cy11bnZlaWxzLWFtYXpvbi1xLWFpLWFzc2lzdGFudC1qYWJzLWF0LW1pY3Jvc29mdC1hbmQtb3BlbmFpLWF0LXJlaW52ZW50L9IBAA?hl=en-US&gl=US&ceid=US%3Aen,https://lh3.googleusercontent.com/proxy/Fh0tzA8w2xg33TkQkSKzmeo92ddVDajJxncbWbsXiMH9IV0gomHO4Kd7GbEzh9Y0muPnuVzjlag5g_yg2PJ6Ba-IUvVuelEwv69FKcJ8Fq1_h52J9WWQdGzTvQ=s0-w200-h112-dcGUIM,GeekWire,
4,AI wars: Amazon is coming for Microsoft and Google,,4 days ago,2023-11-30 07:16:16.421417,news.google.com/articles/CBMiX2h0dHBzOi8vZmluYW5jZS55YWhvby5jb20vbmV3cy9haS13YXJzLWFtYXpvbi1pcy1jb21pbmctZm9yLW1pY3Jvc29mdC1hbmQtZ29vZ2xlLTIxMTQzNjE5Ny5odG1s0gEA?hl=en-US&gl=US&ceid=US%3Aen,https://lh3.googleusercontent.com/proxy/AklVboCX3GMyekmUg-lgUjTQQ1nHDh4jVROdglq3WjA5NNB_9mTRrD3gypXWt-7hK8RNaqNaD4hrQukQ8xzDhE-VxahIs55uaVKqiisDxhDWX7gEnYgZ-jIYCs2WRr-Sf660eHNfJM54CLdT54nWAPlyVu0-ovTGS9LcVSlw1ZYqL9nHQPLchdajtESSrhpvTokC9zNFhZFP4UdMHTpQjKejE7RmzX2QqiwonD2npnfKSCRm9qyJ61UbJIfnm_vNd6lLWGf4Wh31hE1cFaQKdoj1H7M1rXiA7A=s0-w200-h112-dcARCCaw1jLdJ4LD0,Yahoo Finance,
5,Amazon Q: AWS' answer to Microsoft’s GPT-driven Copilot,,6 days ago,2023-11-28 07:16:16.422292,news.google.com/articles/CBMiaGh0dHBzOi8vd3d3LmNvbXB1dGVyd29ybGQuY29tL2FydGljbGUvMzcxMTI2Ny9hbWF6b24tcS1hd3MtYW5zd2VyLXRvLW1pY3Jvc29mdC1zLWdwdC1kcml2ZW4tY29waWxvdC5odG1s0gFsaHR0cHM6Ly93d3cuY29tcHV0ZXJ3b3JsZC5jb20vYXJ0aWNsZS8zNzExMjY3L2FtYXpvbi1xLWF3cy1hbnN3ZXItdG8tbWljcm9zb2Z0LXMtZ3B0LWRyaXZlbi1jb3BpbG90LmFtcC5odG1s?hl=en-US&gl=US&ceid=US%3Aen,https://lh3.googleusercontent.com/proxy/1UXow39aQQS5V18tvGy6yNfzhJcjTY8hxOjXMt-6m67OUQMFnxkF5Ct4EXxtesRJrhn4MyN99PY-x3fUR-BNuLtWxqYFeS9zsIg9Ego6LBPxJ4seWtPCoUYZlAx3k2pcNet5uE5KEy2rpc8qB0hzE9rC2Nv9ZabzqoXrrxyElt9_Ug=s0-w200-h112-dcoaSUzbkG,Computerworld,
6,"Our investment in AI infrastructure, skills and security to boost the ...",,4 days ago,2023-11-30 07:16:16.423159,news.google.com/articles/CBMiZGh0dHBzOi8vYmxvZ3MubWljcm9zb2Z0LmNvbS9vbi10aGUtaXNzdWVzLzIwMjMvMTEvMzAvdWstYWktc2tpbGxpbmctc2VjdXJpdHktZGF0YWNlbnRlcnMtaW52ZXN0bWVudC_SAQA?hl=en-US&gl=US&ceid=US%3Aen,https://lh3.googleusercontent.com/proxy/tAgjBdzNIMtl-S2RGfkxqDidmZzo7MGsUZDBiZVlN-uLvT6chfUv819Z_5BmZyT4RED_d7q4m8CdK_onmJ_xu7l-ksXqPEIqmPWJipbrv2Kg3zEM1cwcoJyPEBqiHxCLeugzW1KeXH2VKLE=s0-w200-h112-dcAXAI,Microsoft,
7,Microsoft president says no chance of super-intelligent AI soon,,4 days ago,2023-11-30 07:16:16.424023,news.google.com/articles/CBMiamh0dHBzOi8vd3d3LnJldXRlcnMuY29tL3RlY2hub2xvZ3kvbWljcm9zb2Z0LXByZXNpZGVudC1zYXlzLW5vLWNoYW5jZS1zdXBlcmludGVsbGlnZW50LWFpLXNvb24tMjAyMy0xMS0zMC_SAQA?hl=en-US&gl=US&ceid=US%3Aen,https://lh3.googleusercontent.com/proxy/djwZFxkLnOGLL2fQi_xzYegHjpfOvXu5odj0tlic0Ap4wWWeYr6I1VZ19_dnBKuRN2bJR6eZNljdFbKyhLxbjmAp8QYseL8oCNOtjdSrSxUKG_qwK6UjkAnQO7mkLjzNI77Gv_RfFthPOHM_iRal3foRap-TF0g=s0-w200-h112-dcPWOMUqkG,Reuters,
8,Fake AI-generated woman on tech conference agenda leads ...,,6 days ago,2023-11-28 07:16:16.424916,news.google.com/articles/CBMibmh0dHBzOi8vYXBuZXdzLmNvbS9hcnRpY2xlL3RlY2gtY29uZmVyZW5jZS1mYWtlLXdvbWVuLWFpLWdlbmVyYXRlZC1kZXZ0ZXJuaXR5LTk4ZWQ1NTFlOTBlYzQ5ZTgxNTg5Y2M5Mjg3MTVhZTNj0gEA?hl=en-US&gl=US&ceid=US%3Aen,,The Associated Press,
9,Exclusive: Google pushes for antitrust action against Microsoft in UK ...,,4 days ago,2023-11-30 07:16:16.425848,news.google.com/articles/CBMib2h0dHBzOi8vd3d3LnJldXRlcnMuY29tL3RlY2hub2xvZ3kvZ29vZ2xlLXB1c2hlcy1hbnRpdHJ1c3QtYWN0aW9uLWFnYWluc3QtbWljcm9zb2Z0LXVrLWNsb3VkLW1hcmtldC0yMDIzLTExLTMwL9IBAA?hl=en-US&gl=US&ceid=US%3Aen,https://lh3.googleusercontent.com/proxy/5t2jukl5JEGLI2S5gSagWubfT1rYcr_UVbO9V4jvvizVTjQMdNUiWi8XlirEpero6EUpLVJNmS4l3CBtQPSeRd8J-_hji7FxSGsaWmxt4C7Ycsp3-q8wQCusxMi7DCayM8GGIR9hd5062MnCrlx_zegWrBJvIzc=s0-w200-h112-dcgYCOhTQmmWsC,Reuters,
10,Holiday 'Bliss': Microsoft's latest ugly sweater features iconic ...,,6 days ago,2023-11-28 07:16:16.426754,news.google.com/articles/CBMidGh0dHBzOi8vd3d3LmdlZWt3aXJlLmNvbS8yMDIzL2hvbGlkYXktYmxpc3MtbWljcm9zb2Z0cy1sYXRlc3QtdWdseS1zd2VhdGVyLWZlYXR1cmVzLWljb25pYy13aW5kb3dzLXhwLWRlc2t0b3AtaW1hZ2Uv0gEA?hl=en-US&gl=US&ceid=US%3Aen,https://lh3.googleusercontent.com/proxy/Z7ekGV3kR47pAMTKfwffY4gFHvS6elVCfJs_3kCRFDRBVH3GClOMtr3MeMsAf2nVdSGAUXjXVbieGN4QwSUk_nO40IjJspAa8qFMBgUsdzfRcCJsj4NM5yPjYSpvGqzf3Xc554QN=s0-w200-h112-dcnTSYip0J,GeekWire,
11,Microsoft is in talks with partners about launching an Xbox mobile store,,3 days ago,2023-12-01 07:16:16.427653,news.google.com/articles/CBMia2h0dHBzOi8vdGVjaGNydW5jaC5jb20vMjAyMy8xMi8wMS9taWNyb3NvZnQtaXMtaW4tdGFsa3Mtd2l0aC1wYXJ0bmVycy1hYm91dC1sYXVuY2hpbmctYW4teGJveC1tb2JpbGUtc3RvcmUv0gFvaHR0cHM6Ly90ZWNoY3J1bmNoLmNvbS8yMDIzLzEyLzAxL21pY3Jvc29mdC1pcy1pbi10YWxrcy13aXRoLXBhcnRuZXJzLWFib3V0LWxhdW5jaGluZy1hbi14Ym94LW1vYmlsZS1zdG9yZS9hbXAv?hl=en-US&gl=US&ceid=US%3Aen,https://lh3.googleusercontent.com/proxy/pXLliFjXLCaSD9Nz0dgWHtnHcN6z9m0D7ppRSe9qikh9gi_JC1QD7az2fxjhbYlpi_xxRvMlGYw4nsfJ2BIIEhbsx1CituTfu3em3PS3EHdxa3u6zxXXTEBem_4pcmd8lJy-Nm6kvoUaH79Akw=s0-w200-h112-dchXGI89QjbHIB,TechCrunch,
12,UNFCCC partners with Microsoft to use AI and advanced data ...,,5 days ago,2023-11-29 07:16:16.428512,news.google.com/articles/CBMiuwFodHRwczovL25ld3MubWljcm9zb2Z0LmNvbS8yMDIzLzExLzI5L3VuZmNjYy1wYXJ0bmVycy13aXRoLW1pY3Jvc29mdC10by11c2UtYWktYW5kLWFkdmFuY2VkLWRhdGEtdGVjaG5vbG9neS10by10cmFjay1nbG9iYWwtY2FyYm9uLWVtaXNzaW9ucy1hbmQtYXNzZXNzLXByb2dyZXNzLXVuZGVyLXRoZS1wYXJpcy1hZ3JlZW1lbnQv0gEA?hl=en-US&gl=US&ceid=US%3Aen,,Microsoft,
13,Snag This All-in-One Microsoft Bundle for Just $50 Today Only at ...,,15 hours ago,2023-12-03 16:16:16.429735,news.google.com/articles/CBMiZ2h0dHBzOi8vd3d3LmNuZXQuY29tL2RlYWxzL3NuYWctdGhpcy1hbGwtaW4tb25lLW1pY3Jvc29mdC1idW5kbGUtZm9yLWp1c3QtNTAtdG9kYXktb25seS1hdC1zdGFja3NvY2lhbC_SAQA?hl=en-US&gl=US&ceid=US%3Aen,https://lh3.googleusercontent.com/proxy/hGz9-1b4mu40UGBIRU0rONLN91sTJr9c3luy2-3ISd8tSzrk9bceOu0EjWl_OPHqeVk8mafcpY9ogifpGqSa1GRIMYDtjxubq_pQbviUNGUHRX5EgQY-tPLObMSq14qvyRNUQQGx1iUYcdXCLUkraoQknQ-54qyJs-992w1yJ8fq_L5HkeIDopIDb7Cmins9Pm-VJW107BXB2lkNlnlKmcTmcFJ388cbqHNIp6lO0JML8HUm47aP5kDbU0rE6ljMjmIeVmisiPGhALrQAn3grWx8YBRTPezHs_BDzG9tRVs8u-UyElVcv-37w3P7bgkAiPf-xSNN=s0-w200-h112-dcKXWMzjEF,CNET,
14,"Experienced Copilot help is hard to find, warns Microsoft MVP",,5 days ago,2023-11-29 07:16:16.430763,news.google.com/articles/CBMiQWh0dHBzOi8vd3d3LnRoZXJlZ2lzdGVyLmNvbS8yMDIzLzExLzI5L2NvcGlsb3RfY29tcGV0ZW5jZV9zY2FyY2Uv0gFFaHR0cHM6Ly93d3cudGhlcmVnaXN0ZXIuY29tL0FNUC8yMDIzLzExLzI5L2NvcGlsb3RfY29tcGV0ZW5jZV9zY2FyY2Uv?hl=en-US&gl=US&ceid=US%3Aen,https://lh3.googleusercontent.com/proxy/5MbMfaCiGdVTxSwr3EwGN6BJ5t6rPUQDr6DiUqWeR0Vz_wHVY6ex_dZvGtxgd6dmw0GoOqiP3Y0rIjQMWQMOSULTCIAk1UOGKGSmpZa61RZxr7WqklJ9gg=s0-w200-h112-dcrVWOzqUF,The Register,
15,Microsoft Paint adds DALL-E-powered text-to-image generator in ...,,5 days ago,2023-11-29 07:16:16.431750,news.google.com/articles/CBMifmh0dHBzOi8vd3d3LnRoZXZlcmdlLmNvbS8yMDIzLzExLzI5LzIzOTgxMzEwL21pY3Jvc29mdC1tcy1wYWludC1jb2NyZWF0b3Itb3BlbmFpLWFpLWRhbGwtZS0zLXRleHQtdG8taW1hZ2UtZ2VuZXJhdG9yLWF2YWlsYWJsZdIBAA?hl=en-US&gl=US&ceid=US%3Aen,https://lh3.googleusercontent.com/proxy/u2P8b8u1uWnYBzvorJ2WEpsgoHBbhYo60u6dDge7RWNIoYVNKaqKXsZkNbT58-KNjfaW_DRqO1hZ-xDAlsurrWSsWEfVSbL2bk37kdHSboOHzsErHxieiRYhFUVna77xBBkWqWeYKb6ScKW0z9SzDd8QutB-ABaD6g0QUm9JbgbKqFZFJ4BvONWQUl-1giVK4Qa8KlckOP7tRh4r2QFh8cTq7vzpeVdt05EUaUlXUZPP7wjUyNMyN7Hl_Dw5dZa6XPC0qu06yScHrFckIuCBg5K5azMbeA=s0-w200-h112-dcBUKMRT4F,The Verge,
16,Microsoft announces quarterly dividend - Stories,,6 days ago,2023-11-28 07:16:16.432665,news.google.com/articles/CBMiUGh0dHBzOi8vbmV3cy5taWNyb3NvZnQuY29tLzIwMjMvMTEvMjgvbWljcm9zb2Z0LWFubm91bmNlcy1xdWFydGVybHktZGl2aWRlbmQtMjEv0gEA?hl=en-US&gl=US&ceid=US%3Aen,,Microsoft,
17,"Microsoft guts Microsoft Rewards points, and its fans are outraged",,3 days ago,2023-12-01 07:16:16.433589,news.google.com/articles/CBMibmh0dHBzOi8vd3d3LnBjd29ybGQuY29tL2FydGljbGUvMjE2MDQxNC9taWNyb3NvZnQtZ3V0cy1taWNyb3NvZnQtcmV3YXJkcy1wb2ludHMtYW5kLWl0cy1mYW5zLWFyZS1vdXRyYWdlZC5odG1s0gEA?hl=en-US&gl=US&ceid=US%3Aen,https://lh3.googleusercontent.com/proxy/Mlr6PH68-K73V_S5NIe-8DZOKj95OouyAOHWFA9fNk2h35z9pSKFkH57yV39bfxABOBlLl-lNxztv-bsDRcZhkQF1ISDPc75B_xDvQrDDWwLoYSbj-YrNSDutBooshJuoZJK01LNihqgLNB0=s0-w200-h112-dcAUGgAyMK,PCWorld,
18,Microsoft rivals asked if Teams offer addresses concerns -EU ...,,6 days ago,2023-11-28 07:16:16.434479,news.google.com/articles/CBMidWh0dHBzOi8vd3d3LnJldXRlcnMuY29tL3dvcmxkL2V1cm9wZS9taWNyb3NvZnQtcml2YWxzLWFza2VkLWlmLXRlYW1zLW9mZmVyLWFkZHJlc3Nlcy1jb25jZXJucy1ldS1kb2N1bWVudC0yMDIzLTExLTI4L9IBAA?hl=en-US&gl=US&ceid=US%3Aen,https://lh3.googleusercontent.com/proxy/3cRYznOO68BVGvhE0bVlLyhFRr-Is3ECTsG4-maaD08ek-6OsILKj-FO_0-PMdHZy0FHq7TRJtkRfFNSvjPWWsb1VfGp1O-aPka4iyhO59NaspVqB2ZPeThuVNy8qrlZcuEwQdnHYtgvsJ_lvijcvfbAUbZa5c0=s0-w200-h112-dcEeCAa1wC,Reuters,
19,Microsoft Stock Is Near a Record High. AI Should Keep the Rally ...,,3 days ago,2023-12-01 07:16:16.435408,news.google.com/articles/CBMiVGh0dHBzOi8vd3d3LmJhcnJvbnMuY29tL2FydGljbGVzL21pY3Jvc29mdC1zdG9jay1wcmljZS1yZWNvcmQtaGlnaC1haS1yYWxseS1lMDgxZWRjZNIBAA?hl=en-US&gl=US&ceid=US%3Aen,https://lh3.googleusercontent.com/proxy/EuAwbnCNjpC-SUgau3cxXuaavP4q7ERBa089FnLhH2ewuufdrY7Tq4WxY0qMIVIpEU2VHQsKUFDcnVHxic06eW0TmoT5MpmQahapjZF9MyZM97ebrHud=s0-w200-h112-dcmUKQjCUI,Barron's,
20,3 Green Flags for Microsoft's Future,,Nov 27,,news.google.com/articles/CBMiTmh0dHBzOi8vd3d3LmZvb2wuY29tL2ludmVzdGluZy8yMDIzLzExLzI3LzMtZ3JlZW4tZmxhZ3MtZm9yLW1pY3Jvc29mdHMtZnV0dXJlL9IBAA?hl=en-US&gl=US&ceid=US%3Aen,https://lh3.googleusercontent.com/proxy/zVZLakETv3aH2z5pGcXrkYvVYfo-0vTUh2daK1jmllKK9zGUkTa9famSXh9rv-ClM0j8SSHOsnPi2jRDr2W4zgPeW8_UGofHEYonA8xZ-euAYwo9z-ieCUfX3xIWS6hMTiNQEA=s0-w200-h112-dcISWKzBkK,The Motley Fool,
21,Mount Pleasant approves Microsoft deal for data centers on ...,,6 days ago,2023-11-28 07:16:16.437174,news.google.com/articles/CBMiVGh0dHBzOi8vd3d3Lndwci5vcmcvbW91bnQtcGxlYXNhbnQtYXBwcm92ZXMtbWljcm9zb2Z0LWRlYWwtZGF0YS1jZW50ZXJzLWZveGNvbm4tbGFuZNIBAA?hl=en-US&gl=US&ceid=US%3Aen,https://lh3.googleusercontent.com/proxy/wSgUJtfJIvLjDE2LzfcdMMO98DcUXNnICCXuvjWV_2hXxwn_2Q6zFrNd4Q1q6m3eXDOoeXxTpPX1xXJFXCeMKUjbd-IStY3CuvOhm_2M8XxHyUBYegvM6e2cVcceMg_DXVW2aQAkdFh3tirZbaIZt8xsGf2LsBO5cTnVhbzYeBKk-YkOTr2KJzigI6vfRKkRtVH_fXYABkqio89W8xSbsslVs2Skr1Uxxw=s0-w200-h112-dcESCIixUG,Wisconsin Public Radio,
22,Microsoft aspires to bring Xbox Game Pass to Nintendo and ...,,4 days ago,2023-11-30 07:16:16.438087,news.google.com/articles/CBMibGh0dHBzOi8vd3d3LmdhbWVkZXZlbG9wZXIuY29tL2J1c2luZXNzL21pY3Jvc29mdC1hc3BpcmVzLXRvLWJyaW5nLXhib3gtZ2FtZS1wYXNzLXRvLW5pbnRlbmRvLWFuZC1wbGF5c3RhdGlvbtIBAA?hl=en-US&gl=US&ceid=US%3Aen,https://lh3.googleusercontent.com/proxy/OyskxRWC6qmEnsG_dvceeXk0QLAvFbw2A2ke754GLvSlkfGBnkjRY3rngdRba_NPBnSOAebwEQrcDK-LCr_M1FKxfmLvfIqCW7l5nIayDAb-dVXv6KQiS-dgWXB2_Hyuf4V4POXYAHW7xXyBmn3CsuhTlXss6_XbBseLxYwc-7dBeerM2R_hIVAg6aG-zbawKlKqlOBH2zUJISGENMZJnDsDyBErjlgV5y00tAqv2Lzv8UFrCK0=s0-w200-h112-dcASCeKRoK,Game Developer,
23,Microsoft's Xbox Game Pass users get 14 new games in December,,3 days ago,2023-12-01 07:16:16.438952,news.google.com/articles/CBMiU2h0dHBzOi8vcmVhZHdyaXRlLmNvbS9taWNyb3NvZnRzLXhib3gtZ2FtZS1wYXNzLXVzZXJzLWdldC0xNC1uZXctZ2FtZXMtaW4tZGVjZW1iZXIv0gEA?hl=en-US&gl=US&ceid=US%3Aen,https://lh3.googleusercontent.com/proxy/FhfSrfGDQgQQCZCTbQ5ZS_18GFRg9nKcRl4RD4QYXVJAWzluSTFOMtzEJBo7H8Buk8qfcQd-nqVl0cYH_Tk84IjUPle31IQnIPtAkNe8emOBP6mBml3R1hmgmmU=s0-w200-h112-dcCQCGhj4E,ReadWrite,
24,Could Microsoft Become the Most Important Stock in the Nasdaq ...,,6 days ago,2023-11-28 07:16:16.439861,news.google.com/articles/CBMiVGh0dHBzOi8vd3d3LmZvb2wuY29tL2ludmVzdGluZy8yMDIzLzExLzI4L21pY3Jvc29mdC1tb3N0LWltcG9ydGFudC1zdG9jay1uYXNkYXEtZG93L9IBAA?hl=en-US&gl=US&ceid=US%3Aen,https://lh3.googleusercontent.com/proxy/tRGcV2MpSonXHOMVYpTE4ArVb6f-Jq3UxTan92qFfhKOGEAeD00oq4pTlkwhqWwABkb_tDBvFJbeeINmOLHHc6ofzZ8ai1deAsfindMizxT6mvnQ6uKn-40Jkzc8Noro9QtKQaGANkEJH5VWjyiFQKjWlvE=s0-w200-h112-dcCWiOpqYH,The Motley Fool,
25,CGI joins Microsoft Intelligent Security Association (MISA),,Nov 27,,news.google.com/articles/CBMicWh0dHBzOi8vd3d3LnBybmV3c3dpcmUuY29tL25ld3MtcmVsZWFzZXMvY2dpLWpvaW5zLW1pY3Jvc29mdC1pbnRlbGxpZ2VudC1zZWN1cml0eS1hc3NvY2lhdGlvbi1taXNhLTMwMTk5NzM4NS5odG1s0gEA?hl=en-US&gl=US&ceid=US%3Aen,,PR Newswire,
26,Can Sony and Microsoft bring blockchain to gaming consoles?,,5 days ago,2023-11-29 07:16:16.441697,news.google.com/articles/CBMiTmh0dHBzOi8vY29pbnRlbGVncmFwaC5jb20vbmV3cy9zb255LW1pY3Jvc29mdC1icmluZy1ibG9ja2NoYWluLWdhbWluZy1jb25zb2xlc9IBAA?hl=en-US&gl=US&ceid=US%3Aen,https://lh3.googleusercontent.com/proxy/_PJIh_cr2NrGxO59wqHO3SSIWHY6KfPrlNe4aYA9lHDSmnkC05xkh9zfIX0uvSu1sNtRLyclTx3bs8zD0U1Kg1KR5rDH7f1NE_LbikTDNnswsVzbIaua0DnsRdATV3aMd_tkSxEQabD13WIqsWkzaNv2TgR_x-hb9vasyNRXKsUuTMzxQLL_yLA3-gB3IhFIHseG12pOO-FgloqiIbUus4LPS1g3Xlh0evjjIuoL9K5pw-YSrTT6Cg2DG_wSRTp8TPQiSCHa0yWKbwkfWwQLRjWocw=s0-w200-h112-dcARGGBpkG,Cointelegraph,
27,"Microsoft to Cut 365 Browser Extension, Despite its Wild Popularity",,6 days ago,2023-11-28 07:16:16.442620,news.google.com/articles/CBMiM2h0dHBzOi8vdGVjaC5jby9uZXdzL21pY3Jvc29mdC10by1jdXQtMzY1LWV4dGVuc2lvbtIBAA?hl=en-US&gl=US&ceid=US%3Aen,https://lh3.googleusercontent.com/proxy/UuY77R1M7bvSaRU9FH2xcmrK0xDyVDszs2crgfAuQBV0yhvnpywm4C4a-MVY0RE5ElkXQ9HirXMdYDT044nk9FIJGAYK0n7lstRhXBvLMFhL5U4ayjwRWrStlaw3__jmgmDZVmN6kLpHUnbWl3X0cU1-RcBEaPWAG-5L2xQOLB4HyaccDCQiOfYm3kE5khyW=s0-w200-h112-dckUOUi6UI,Tech.co,
28,Microsoft Is Testing a Windows 11 Energy Saver Mode,,4 days ago,2023-11-30 07:16:16.443530,news.google.com/articles/CBMiTmh0dHBzOi8vd3d3LnBjbWFnLmNvbS9uZXdzL21pY3Jvc29mdC1pcy10ZXN0aW5nLWEtd2luZG93cy0xMS1lbmVyZ3ktc2F2ZXItbW9kZdIBAA?hl=en-US&gl=US&ceid=US%3Aen,https://lh3.googleusercontent.com/proxy/kc7fwI1SDIOWqDJJ4rY0kVGZ789O3OZ5U9NnusHisGE7Hqr2d_q3u1GA9w7qGXxwvL8oOgd-egC285wRcfj77rMwGHKtjKPBz497-aG8Kq7-U8l2MEUnFnOaSm3Xyek4XhowIZoKLZW1Yw=s0-w200-h112-dcjTOMKZ4G,PCMag,
29,Can Microsoft Stock Reach $475? Top Analyst Weighs In - TipRanks ...,,4 days ago,2023-11-30 07:16:16.444433,news.google.com/articles/CBMiVWh0dHBzOi8vd3d3LnRpcHJhbmtzLmNvbS9uZXdzL2FydGljbGUvbWljcm9zb2Z0LWdldHMtYS1uZXctc3RyZWV0LWhpZ2gtcHJpY2UtdGFyZ2V0LTLSAQA?hl=en-US&gl=US&ceid=US%3Aen,https://lh3.googleusercontent.com/proxy/5PCWyY2LQCZgfskbt1IXNxBvI9aYMTmyo_o3KduCrjoxb2JFhEDvaGzUsjLYg04ez3j2o6QdtoNe7WawZwBK1pYWgwwwghAA_U5zLM6CU-k6zxNS4W0DvstKgMJVzV6mdporoAg=s0-w200-h112-dcleOMi8kE,TipRanks,
30,Microsoft Stopped Announcing Xbox Console Sales Because It ...,,4 days ago,2023-11-30 07:16:16.445340,news.google.com/articles/CBMieWh0dHBzOi8vd3d3Lmlnbi5jb20vYXJ0aWNsZXMvbWljcm9zb2Z0LXN0b3BwZWQtYW5ub3VuY2luZy14Ym94LWNvbnNvbGUtc2FsZXMtYmVjYXVzZS1pdC1jYXJlcy1tb3JlLWFib3V0LWNvbnRlbnQtc2VydmljZXPSAQA?hl=en-US&gl=US&ceid=US%3Aen,https://lh3.googleusercontent.com/proxy/JHdI5WOV3I5RJ_0-CnUFm9NAjEnqm8k5pHV7U4GTuoLfZxhZNYGhIRxJoAYpSsQ5Kw6aO_6GHFxc2KJl_nHWJPBeD8y4DgKnwdFfNODQaNk0otbAqn0N6Z25AgXa3jv1yZ_FUpeqLCkwfCyF4Wi_9hOaL3nmxy6vRjQ=s0-w200-h112-dcHWOMLa0G,IGN,
31,Samsung Internet Browser Comes to the Microsoft Store,,5 days ago,2023-11-29 07:16:16.446179,news.google.com/articles/CBMiW2h0dHBzOi8vd3d3LnRodXJyb3R0LmNvbS9jbG91ZC8yOTM3NTEvc2Ftc3VuZy1pbnRlcm5ldC1icm93c2VyLWNvbWVzLXRvLXRoZS1taWNyb3NvZnQtc3RvcmXSAQA?hl=en-US&gl=US&ceid=US%3Aen,,Thurrott.com,
32,"Activision, Microsoft Deal Fight Centers on 'Broad' Delaware Law",,4 days ago,2023-11-30 07:16:16.447088,news.google.com/articles/CBMiYmh0dHBzOi8vbmV3cy5ibG9vbWJlcmdsYXcuY29tL2lwLWxhdy9hY3RpdmlzaW9uLW1pY3Jvc29mdC1kZWFsLWZpZ2h0LWNlbnRlcnMtb24tYnJvYWQtZGVsYXdhcmUtbGF30gEA?hl=en-US&gl=US&ceid=US%3Aen,https://lh3.googleusercontent.com/proxy/7H0fry5L6myEQHX4otjYjaDoF_vE-FxoU1P6CbDp9bV5kQWXU_a679fLt5uBrmy7P7dF0DS8jJ9YRtAqvwBUMINF3kRMAhmYBsudO2tL5R3x09Nwf4KUTbTkKPijPwBuEEE5KH0KBrYq00OEiLiZkHHoHBc41lMMQopNDdjygp4ZdDVf2_YhYZqBtladqo8xwRW_gn_cNc4WXaME8GUMzJjqlSRHcltVC6ktvAPkxR_Vs9Fmy2YFPdHBmuHC_URTUvLfKhm1gzgQq4BycCHxI8KJVJwQOgFwLVDiTnrXk9bq1jq9-FWYM7wTkCxbuFacGPDqSbI0TWol5Br9b8uKvH9rYkiNop6yqeFbK2NCDnmbIiw_dHe6LqEwU9IP0g=s0-w200-h112-dcCUCIKZ0I,Bloomberg Law,
33,What's New in Microsoft 365 - November 2023,,4 days ago,2023-11-30 07:16:16.447951,news.google.com/articles/CBMiSGh0dHBzOi8vd3d3LnNodS5lZHUvdGVjaG5vbG9neS9uZXdzL21pY3Jvc29mdC11cGRhdGVzLW5vdmVtYmVyLTIwMjMuaHRtbNIBAA?hl=en-US&gl=US&ceid=US%3Aen,https://lh3.googleusercontent.com/proxy/bW6j2SsqfXfr-DfeeHU02o4qSbvp4OYaXXSsJlSqV9MENDW1H51yIKx_LU7D1eAm9JPmfyYlxl2mbN4Skcdid-mir1XeFV7_G7Oco7Yl53gO5hB5Nw=s0-w200-h112-dcoXGI9CwF,Seton Hall University,
34,Authors Guild to add Microsoft in its lawsuit against OpenAI,,5 days ago,2023-11-29 07:16:16.448853,news.google.com/articles/CBMiXGh0dHBzOi8vd3d3LmNvdXJ0aG91c2VuZXdzLmNvbS9hdXRob3JzLWd1aWxkLXRvLWFkZC1taWNyb3NvZnQtaW4taXRzLWxhd3N1aXQtYWdhaW5zdC1vcGVuYWkv0gEA?hl=en-US&gl=US&ceid=US%3Aen,https://lh3.googleusercontent.com/proxy/qRRpcp-lRqooadEgBK88qp2WEMnQ30YngVagz44FZRzbkU1OJTkMEeq2JY074_uoCjVXlbz7HTVnaLq-PKglNUTw1sXli7ehNEDyNKXmytl2YQxNJWmHPMtEQsmagrY8CBCPiOSrPR_RLXyeC9UoGUd4sgg4z5Ncd2aRadQ1v3xDcqXz=s0-w200-h112-dcIdWGrsUD,Courthouse News Service,
35,"The Microsoft Surface Laptop Go 2: Perfect, if you don't pay full price.",,6 days ago,2023-11-28 07:16:16.449722,news.google.com/articles/CBMicWh0dHBzOi8vbWVkaXVtLmNvbS9AbGlicmFyeXRlY2gvdGhlLW1pY3Jvc29mdC1zdXJmYWNlLWxhcHRvcC1nby0yLXBlcmZlY3QtaWYteW91LWRvbnQtcGF5LWZ1bGwtcHJpY2UtNGFjZTYzMDdkYTYy0gEA?hl=en-US&gl=US&ceid=US%3Aen,https://lh3.googleusercontent.com/proxy/Zt9LY-y5Kmnoy--CBtUCrRULZmqUGsLuT41TzpxJMJZJkhNzMSRAcZLxk9dejwT3DkuMBi4f2vVsF36NgmLL6qAZhZ_hES9Lr5L3YcMyTW7wVTt0NTPn5Q=s0-w200-h112-dcHQaSKoYM,Medium,
36,Microsoft's Xbox app update tips its cap to portable gaming with new ...,,5 days ago,2023-11-29 07:16:16.450624,news.google.com/articles/CBMidWh0dHBzOi8vd3d3LnBjd29ybGQuY29tL2FydGljbGUvMjE1ODAwNS9taWNyb3NvZnRzLXhib3gtYXBwLXVwZGF0ZS10aXBzLWl0cy1jYXAtdG8tcG9ydGFibGUtZ2FtaW5nLXdpdGgtbmV3LW1vZGUuaHRtbNIBAA?hl=en-US&gl=US&ceid=US%3Aen,https://lh3.googleusercontent.com/proxy/-iXUTXv2D0TCZIzhI04rppI9YSWQDVQmz6PwOr5pgREotsL36tbnzkFEsPDlDheIt6rxVAdObrmklDX2TSQu-Yjn0VIRx0dqqu8OtynDpViBoJ5L_8YeAVEnkteCjvZ_36DQp1xH6AAkSIqqAeQc_ZLNMun03AfIAunKp-w=s0-w200-h112-dcgWGILbEF,PCWorld,
37,This is the best Microsoft Office deal on Cyber Monday,,Nov 27,,news.google.com/articles/CBMiY2h0dHBzOi8vd3d3LnBjd29ybGQuY29tL2FydGljbGUvMjE1NTg4OC90aGlzLWlzLXRoZS1iZXN0LW1pY3Jvc29mdC1vZmZpY2UtZGVhbC1vbi1jeWJlci1tb25kYXkuaHRtbNIBAA?hl=en-US&gl=US&ceid=US%3Aen,https://lh3.googleusercontent.com/proxy/GMmyMv84iXKcu1QtjyGKn3hogoPZJUnBng0EdNZ5bPf8LK_aayTU51Kld-pjlRfOR38u83q-TkRlaJIsbjUmV7nn9d91p4U8OGy5iOCKY0EePOyA2YSuaUnCSfG9NgRGcP8Srcnw08snEzcUkhRFKPaAOA=s0-w200-h112-dcjTKGSKEE,PCWorld,
38,Microsoft security executive calls generative AI a 'super power' for the field,,Nov 27,,news.google.com/articles/CBMiY2h0dHBzOi8vd3d3LmNuYmMuY29tLzIwMjMvMTEvMjcvbWljcm9zb2Z0LXNlY3VyaXR5LWV4ZWN1dGl2ZS1jYWxscy1nZW5lcmF0aXZlLWFpLWEtc3VwZXItcG93ZXIuaHRtbNIBZ2h0dHBzOi8vd3d3LmNuYmMuY29tL2FtcC8yMDIzLzExLzI3L21pY3Jvc29mdC1zZWN1cml0eS1leGVjdXRpdmUtY2FsbHMtZ2VuZXJhdGl2ZS1haS1hLXN1cGVyLXBvd2VyLmh0bWw?hl=en-US&gl=US&ceid=US%3Aen,https://lh3.googleusercontent.com/proxy/ix0BSXEHQsZm218ocIVsR5fdw_eyXFooyaiQ74E4JSRyyuH8bZ8IycLjC8UKexBFqzkWmY-Wu6O0jCbeyoiLx2aKzKt-1Vor6UNBsnGMxjOtsIKvM2Rf-OcG1ZCEnwlskJbS6Jh1E3SQIu9mVAATqbQVjxd9SvhYfddY8SDfbUiSNfLaWza8uR8r6TAPfqvTL8htoTRYqA_HqZyzIyF-bpQOoYE6bqW_xGduxrbA=s0-w200-h112-dcAXOM5K4H,CNBC,
39,Xbox Teasing Big Announcements for The Game Awards 2023,,6 days ago,2023-11-28 07:16:16.453382,news.google.com/articles/CBMiR2h0dHBzOi8vZ2FtZXJhbnQuY29tL3hib3gtdGhlLWdhbWUtYXdhcmRzLTIwMjMtYmlnLWFubm91bmNlbWVudHMtdGVhc2Uv0gEA?hl=en-US&gl=US&ceid=US%3Aen,https://lh3.googleusercontent.com/proxy/2O93VFGrJg4Dvt2kx8HjfrIsxAJyJnN19QHTyM9lGVmnhU9L2MXi9p_2WHgJWESjMMHRe7B34yXjJqBW2Ex4eR-GwqFcPW8BFixXMWpf3uIwnAKntgTow4cXUwYuQhL1EAi-YI33OIZEXTaykgH_AaBOGPvCfjwdfvl1WMlQso8QIQq15CNDCXy0delWjCd0VSYRo7T9lYrEAi6QwVMV=s0-w200-h112-dcGWSCSS4G,GameRant,
40,Microsoft opens sources ThreadX under MIT license,,6 days ago,2023-11-28 07:16:16.454301,news.google.com/articles/CBMiR2h0dHBzOi8vd3d3LnRoZXJlZ2lzdGVyLmNvbS8yMDIzLzExLzI4L21pY3Jvc29mdF9vcGVuc19zb3VyY2VzX3RocmVhZHgv0gFLaHR0cHM6Ly93d3cudGhlcmVnaXN0ZXIuY29tL0FNUC8yMDIzLzExLzI4L21pY3Jvc29mdF9vcGVuc19zb3VyY2VzX3RocmVhZHgv?hl=en-US&gl=US&ceid=US%3Aen,https://lh3.googleusercontent.com/proxy/0KoeCr593wI8nVclthr4hxZR116AfEcwKcRe9zE9ljyUfqsGUfcs_1qobqUK1ewN-mxz75Erp1bOfFqyMtStk_afJacGvfPfruhBB26QI_ppib6d57jw=s0-w200-h112-dcAUCGIzcG,The Register,
41,Microsoft gives up on internet search to build a better AI brand,,6 days ago,2023-11-28 07:16:16.455237,news.google.com/articles/CBMic2h0dHBzOi8vd3d3LmNvbXB1dGVyd29ybGQuY29tL2FydGljbGUvMzcxMTQ2MC9taWNyb3NvZnQtZ2l2ZXMtdXAtb24taW50ZXJuZXQtc2VhcmNoLXRvLWJ1aWxkLWEtYmV0dGVyLWFpLWJyYW5kLmh0bWzSAXdodHRwczovL3d3dy5jb21wdXRlcndvcmxkLmNvbS9hcnRpY2xlLzM3MTE0NjAvbWljcm9zb2Z0LWdpdmVzLXVwLW9uLWludGVybmV0LXNlYXJjaC10by1idWlsZC1hLWJldHRlci1haS1icmFuZC5hbXAuaHRtbA?hl=en-US&gl=US&ceid=US%3Aen,https://lh3.googleusercontent.com/proxy/y7xQSBdxw-UM7eleAwMTYl_yvNBNMkjgJgW4d4PltYAfhRso6gfZNmzrGWtc-1rjgDjS5qCz_V1CTis7GF8qXrnb4ou6jkJd1JWX_z1NEIRumu4H13TryKTogGjjZUS7OoLW7ldhbgqvUmhJoma5TxgtkqmWmWHuqbpw6NI_Vuy4afw-WqPBLd9cNw=s0-w200-h112-dcrVWOzqUF,Computerworld,
42,Senators Question KPMG Role in Microsoft Profit-Shifting Scheme,,4 days ago,2023-11-30 07:16:16.456146,news.google.com/articles/CBMiYmh0dHBzOi8vd3d3LnByb3B1YmxpY2Eub3JnL2FydGljbGUvc2VuYXRvcnMtcXVlc3Rpb24ta3BtZy1yb2xlLWluLW1pY3Jvc29mdC1wcm9maXQtc2hpZnRpbmctc2NoZW1l0gEA?hl=en-US&gl=US&ceid=US%3Aen,https://lh3.googleusercontent.com/proxy/9vdjnJW00ewXnPXZxaOVJPnD6PLhwg5qRsXdDEftnGn7hMY0IsrE7Xk6bV-4cGVN0ArqNKqS91FoBeMp1y7bkkFIoU5Zkn2COsPi9BAxb8r7XpEi4sNLC6OG7TfGRs3ieVQVX147sHNq_J7iu_JQWxC8i0b2UL1aq80RTmkekFaWRYTMH-jvVxvmlrd24FImQYiLpc6mCdqAlaS90ctcSwf3cuCdqBfdUHUd-JNqC-SLhu0wza66YRwwLggomzuc5w8h0M-m=s0-w200-h112-dcAVAE,ProPublica,
43,This habit helped Bill Gates change careers after retiring from Microsoft—despite being 'very monomaniacal’ at the time,,16 hours ago,2023-12-03 15:16:16.457046,news.google.com/articles/CBMiYWh0dHBzOi8vd3d3LmNuYmMuY29tLzIwMjMvMTIvMDMvaG93LXJlYWRpbmctaGVscGVkLWJpbGwtZ2F0ZXMtY2hhbmdlLWNhcmVlcnMtYWZ0ZXItbWljcm9zb2Z0Lmh0bWzSAWVodHRwczovL3d3dy5jbmJjLmNvbS9hbXAvMjAyMy8xMi8wMy9ob3ctcmVhZGluZy1oZWxwZWQtYmlsbC1nYXRlcy1jaGFuZ2UtY2FyZWVycy1hZnRlci1taWNyb3NvZnQuaHRtbA?hl=en-US&gl=US&ceid=US%3Aen,https://lh3.googleusercontent.com/proxy/JF30VtOFFL3YjehK9R7eh6uvoCLFelEqHKgzb-3KKWizKUQ6sJ7ZvhnNcHrDMqN2Z_Qm8Bw0U1vD8leTfqsZ13GqDy2-Ce-xVMIqsWpGjSFtZUgaka3NFmeKZUFA-nVeYfhbWbrdXg-GSIkmzUTdbPfEvXbq9N2PU6bATC56J0DRklGwzGv5PvkF81jYqbSLz78D0nSv9Xxw89HmYwcDLvqCOAvhAUfLzUkC7HtR4D64KIwyf-Dkg9fuzH2L-z8fMMoP3pXltPmMaOY3EbQJbvA=s0-w200-h112-dcIVeQKyoI,CNBC,
44,CRITICALSTART® and Microsoft Kick-off Threat Protection ...,,6 days ago,2023-11-28 07:16:16.457935,news.google.com/articles/CBMigQFodHRwczovL3d3dy5wcm5ld3N3aXJlLmNvbS9uZXdzLXJlbGVhc2VzL2NyaXRpY2Fsc3RhcnQtYW5kLW1pY3Jvc29mdC1raWNrLW9mZi10aHJlYXQtcHJvdGVjdGlvbi1kZWxpdmVyZWQtcm9hZHNob3ctMzAxOTk5NzI2Lmh0bWzSAQA?hl=en-US&gl=US&ceid=US%3Aen,https://lh3.googleusercontent.com/proxy/DXrfCLAPMV3mTcd5O8-3I_byQxaQB-gzQAXL4JNGKM5SZHOjspg5-bbpG5Dsramrf8F6W21xU8_3HlieEeUNJVQxrxBDvBLY7xnDTMXJeE_aoqWrtx0ZNYuxWXhKjlAqmshUo6Y=s0-w200-h112-dcAaCUljjngc8B,PR Newswire,
45,Microsoft Previews Free Azure Expert Assessment for Cloud ...,,5 days ago,2023-11-29 07:16:16.458799,news.google.com/articles/CBMiUGh0dHBzOi8vcmVkbW9uZG1hZy5jb20vYXJ0aWNsZXMvMjAyMy8xMS8yOS9henVyZS1leHBlcnQtYXNzZXNzbWVudC1vZmZlcmluZy5hc3B40gEA?hl=en-US&gl=US&ceid=US%3Aen,https://lh3.googleusercontent.com/proxy/NhUmxv3GLnSEGKTIphavviho92OLHm5SLXKLvxm47NsGiwkLIUbUit_bulY2XHIS_y_V3IHppqhT4xsDSgV4g4eOykliz1prLi0VmT5OZigFdTo6YuLEEDt3Bl7OCBbjdAEsrGGzH5AcXmuJYWbnlC9xjX0CPaaV=s0-w200-h112-dcIRSGzcHka8YC,Redmondmag.com,
46,Flywheel partners with Microsoft on AI,,6 days ago,2023-11-28 07:16:16.459660,news.google.com/articles/CBMiXGh0dHBzOi8vd3d3LnJlc2VhcmNoLWxpdmUuY29tL2FydGljbGUvbmV3cy9mbHl3aGVlbC1wYXJ0bmVycy13aXRoLW1pY3Jvc29mdC1vbi1haS9pZC81MTE5OTIz0gFiaHR0cHM6Ly93d3cucmVzZWFyY2gtbGl2ZS5jb20vYW1wLXBhZ2UuaHRtbD9pZD01MTE5OTIzJm5hbWU9Zmx5d2hlZWwtcGFydG5lcnMtd2l0aC1taWNyb3NvZnQtb24tYWk?hl=en-US&gl=US&ceid=US%3Aen,https://lh3.googleusercontent.com/proxy/yjARtwhNdyLsNVliIcLwJDiNNfvICmll9ckmCRgeg7NtYZSraEjQdaMLihium7G6hk7fRWtjrVldCUgdojVeDzsgQsU4s5BL2udBvRlMTsQInyjVSPX65sqoxPddQwPyPmc1wdmdAPet=s0-w200-h112-p-df,Research Live,
47,Microsoft ML.NET 3.0 expands deep learning capabilities,,5 days ago,2023-11-29 07:16:16.460512,news.google.com/articles/CBMiWWh0dHBzOi8vd3d3LmluZm93b3JsZC5jb20vYXJ0aWNsZS8zNzExMzgzL21pY3Jvc29mdC1tbC1uZXQtMy0wLWV4cGFuZHMtZGVlcC1sZWFybmluZy5odG1s0gFdaHR0cHM6Ly93d3cuaW5mb3dvcmxkLmNvbS9hcnRpY2xlLzM3MTEzODMvbWljcm9zb2Z0LW1sLW5ldC0zLTAtZXhwYW5kcy1kZWVwLWxlYXJuaW5nLmFtcC5odG1s?hl=en-US&gl=US&ceid=US%3Aen,https://lh3.googleusercontent.com/proxy/Pt5rZtRQM4EU2nBsD1sjfWaFLCSl5XAzc7fQEX1qkccols_IfUL9qj4KOh7iprB2bt2NNoZNzTVmNz4RyF8v034_be7WyhRG73IYsd8d_zk1Mf595bbxqZTZ8d1ULVto6tnabpkYFwLgwsCiPT5TfDTgCSolexUMDvkOqaaQrAyWG5pdFDBhPDBL39ZSUdwIXA8uJ_OWVu7H3LLZX-Bcw17g1zvZMIWl85gQ9k6qcnf0zH9QImZk0cWOM2I7TXrzkNz4Xi1MJsYLZIIIgWmcFCxxrTr9S8Ne551uqvxdPR1iShI1gIwp92_SdYWmFFrMlUjlWQ=s0-w200-h112-dcJTOOjiEI,InfoWorld,
48,Microsoft Warns of Malvertising Scheme Spreading CACTUS ...,,2 hours ago,2023-12-04 05:16:16.461618,news.google.com/articles/CBMiTWh0dHBzOi8vdGhlaGFja2VybmV3cy5jb20vMjAyMy8xMi9taWNyb3NvZnQtd2FybnMtb2YtbWFsdmVydGlzaW5nLXNjaGVtZS5odG1s0gEA?hl=en-US&gl=US&ceid=US%3Aen,https://lh3.googleusercontent.com/proxy/HXu5lrmdg0pjxTQ8JfekX-e8AVp5yCEHvi7dSylFb2d7CxddLrDcrspriZEAtiBVqyl9AFogBOfAwKWcvembwU4wtrZ3uRwtA-Xu_YcXRvt5Pl6OmYYj2vQi7N-ddpWDdjuHcurKaT4TvPP5yr60lew-lcKMaLHwgbW5Afw5cvEOh-8cxhgarHJXexrh-Q3LmxtLVWeMvFZg4ogv6NdOecL3KqmNJfyTl4BuDyoPrvEh-uz9rUQChW_plR9cMxBiDXtCL2RAiZ4564YRTrTCdOsuNsjpCTPScmn4KcolhU-nL_8FDoH2ax-BIk9HhDHVr6VygpYqDQgOFXf9_J3Xza4SEenWBoRSmjY7ZATdNewe5aA6MtdtYROwS0rKlyB4GUcK-Ko4A1zhryDDFE-v58KKkg=s0-w200-h112-dcpWSQrS0H,The Hacker News,
49,New Microsoft Teams Desktop App: Tuesday 12/5 : TechWeb : Blog ...,,4 days ago,2023-11-30 07:16:16.462577,news.google.com/articles/CBMiSWh0dHBzOi8vd3d3LmJ1LmVkdS90ZWNoLzIwMjMvMTEvMzAvbmV3LXRlYW1zLWRlc2t0b3AtYXBwLWNvbWluZy0yMDIzMTIwNS_SAQA?hl=en-US&gl=US&ceid=US%3Aen,https://lh3.googleusercontent.com/proxy/Ob4_rXR_FtdHpWiOqA3-5QYQlRbJAmkwKwVe6Q6AT-oIUEqJX2jhBfX9yaeye38UKW-Jz_qL_CdgBVsd92uxTCj9ojdpKR3A2EKHIE5YCJZNwzLhIA=s0-w200-h112-dciQGE7KgI,Boston University,
50,Kyndryl Collaborates with Microsoft and Finds Only 16% of ...,,6 hours ago,2023-12-04 01:16:16.463410,news.google.com/articles/CBMiYmh0dHBzOi8vd3d3Lmt5bmRyeWwuY29tL2luL2VuL2Fib3V0LXVzL25ld3MvMjAyMy8xMi9nbG9iYWwtc3VzdGFpbmFiaWxpdHktYmFyb21ldGVyLXN0dWR5LWZpbmRpbmdz0gEA?hl=en-US&gl=US&ceid=US%3Aen,,Kyndryl,
51,80% off: Microsoft's laptop dock plummets below $50 for Cyber ...,,Nov 27,,news.google.com/articles/CBMiamh0dHBzOi8vd3d3LnBjd29ybGQuY29tL2FydGljbGUvMjE1NDkyOC9taWNyb3NvZnRzLWRvY2tpbmctc3RhdGlvbi1wbHVtbWV0cy1iZWxvdy01MC1mb3ItY3liZXItbW9uZGF5Lmh0bWzSAQA?hl=en-US&gl=US&ceid=US%3Aen,https://lh3.googleusercontent.com/proxy/_Gci5E8SPvKZT8U7nQPiXkiZYHfmuSeu78zOTAPHaBO3nZBOJwMrCylQFYy0wvqegSMovMI_-sq8_HXKqT_Pfhkay90pIzXlRhHHbgBnKjtvGsdIFs9ofcgJQEkO7xcI8XmvRUUPeURAOOeJwPv5ZcoX77IHxrulKGg8MXajROWjp2A=s0-w200-h112-dciVKUqyUI,PCWorld,
52,Microsoft is working on a better way to configure Windows.,,11 hours ago,2023-12-03 20:16:16.465175,news.google.com/articles/CBMiZWh0dHBzOi8vd3d3LnRoZXZlcmdlLmNvbS8yMDIzLzEyLzMvMjM5ODY1NDUvbWljcm9zb2Z0LWlzLXdvcmtpbmctb24tYS1iZXR0ZXItd2F5LXRvLWNvbmZpZ3VyZS13aW5kb3dz0gEA?hl=en-US&gl=US&ceid=US%3Aen,,The Verge,
53,Report: Microsoft and Meta to Receive 3x as Many Nvidia GPUs as ...,,6 days ago,2023-11-28 07:16:16.466076,news.google.com/articles/CBMifmh0dHBzOi8vd3d3LnRodXJyb3R0LmNvbS9jbG91ZC8yOTM2ODMvbWljcm9zb2Z0LWFuZC1tZXRhLXRvLXJlY2VpdmUtM3gtYXMtbWFueS1udmlkaWEtZ3B1cy1hcy1nb29nbGUtYW5kLWFtYXpvbi1ieS1lbmQtb2YteWVhctIBAA?hl=en-US&gl=US&ceid=US%3Aen,,Thurrott.com,
54,Teleperformance helps clients create and modernize applications ...,,4 days ago,2023-11-30 07:16:16.467060,news.google.com/articles/CBMisgFodHRwczovL3d3dy5wcm5ld3N3aXJlLmNvbS9uZXdzLXJlbGVhc2VzL3RlbGVwZXJmb3JtYW5jZS1oZWxwcy1jbGllbnRzLWNyZWF0ZS1hbmQtbW9kZXJuaXplLWFwcGxpY2F0aW9ucy13aXRoLW1pY3Jvc29mdC1henVyZS1zb2x1dGlvbnMtcGFydG5lci1zdGF0dXMtZm9yLWRhdGEtLWFpLTMwMjAwMTE0MS5odG1s0gEA?hl=en-US&gl=US&ceid=US%3Aen,https://lh3.googleusercontent.com/proxy/bRp5RLENpwDl8nJiAQL48VY3AKx-e2qpiDZ1Mh8K0iBKqO2eb2D_VCPDeO1oCUsrkzTbZk4E_C8X5KIhUzesALSXLZ-10QxvbstIhNiO8OFHB4C1cIsEcjLSvwdNaFt34CKhFj75SLkLHPCqoPEgEb9SSg=s0-w200-h112-dcDVSQiKWooW8B,PR Newswire,
55,Microsoft deprecates Defender Application Guard for Office,,Nov 27,,news.google.com/articles/CBMia2h0dHBzOi8vd3d3LmJsZWVwaW5nY29tcHV0ZXIuY29tL25ld3MvbWljcm9zb2Z0L21pY3Jvc29mdC1kZXByZWNhdGVzLWRlZmVuZGVyLWFwcGxpY2F0aW9uLWd1YXJkLWZvci1vZmZpY2Uv0gFvaHR0cHM6Ly93d3cuYmxlZXBpbmdjb21wdXRlci5jb20vbmV3cy9taWNyb3NvZnQvbWljcm9zb2Z0LWRlcHJlY2F0ZXMtZGVmZW5kZXItYXBwbGljYXRpb24tZ3VhcmQtZm9yLW9mZmljZS9hbXAv?hl=en-US&gl=US&ceid=US%3Aen,https://lh3.googleusercontent.com/proxy/fabIb1Kd3z0Kzc3r1qNKF1BrvmgdGIIEk85QUYeEEG1FPmBxq8nyZOp6cHxZ-CP1Etb26UAHIE4-ORh5-TLJZ3X711AtDMPi7ETOCurBrKgCMLWRXaVNZigkTcyA7gxU3KREmg0NurHyY-eYhM8VzCsceF-FMEc=s0-w200-h112-dcAUCWzqkH,BleepingComputer,
56,The incredible Microsoft Surface Pro 8 is deeply discounted at these ...,,5 days ago,2023-11-29 07:16:16.468890,news.google.com/articles/CBMiVGh0dHBzOi8vd3d3LnBob25lYXJlbmEuY29tL25ld3MvbWljcm9zb2Z0LXN1cmZhY2UtcHJvLTgtZGVhbC13YWxtYXJ0LWFtYXpvbl9pZDE1MzA1MtIBAA?hl=en-US&gl=US&ceid=US%3Aen,https://lh3.googleusercontent.com/proxy/UsS4ZKBh8F-Lce99tnMmT0H3JsKTfVwM72ZQW7J8MHHnnvBRiRIp-nw1HejqTMzON2Mem8WAIpewca_mHTMFDhwZRG1Ic1gv2G4eaNbAaycXP7o0OFHVxh_huV1X42HrFKqE7CjHtneKEK7fp5Gv3NNZMSlJmeMVsr2ZjyTFb2_r0lmG5ol_abyktizFnPUyQE5AM4t6YQmb5G25IEUX6yFGx-cM1Hx8-czvE-1uxm3FvPFZhEggWg=s0-w200-h112-dcKXWQza0G,PhoneArena,
57,Invicti Security joins the Microsoft Azure Marketplace,,6 days ago,2023-11-28 07:16:16.469785,news.google.com/articles/CBMibmh0dHBzOi8vd3d3LnBybmV3c3dpcmUuY29tL25ld3MtcmVsZWFzZXMvaW52aWN0aS1zZWN1cml0eS1qb2lucy10aGUtbWljcm9zb2Z0LWF6dXJlLW1hcmtldHBsYWNlLTMwMTk5ODAyMy5odG1s0gEA?hl=en-US&gl=US&ceid=US%3Aen,https://lh3.googleusercontent.com/proxy/dPDoxG56Aua9H-seZYGxu-TbvWU0wJRqUT6hkMdmsy2bxstRJqk-6GfUgJHl4LLxvLUD9hcVA7_EhfYIPaj7zU4FA7zucm53Xm57Px_FTcstJJAUkRggsyPv6_xfybIyxVhsc_dKJ8c=s0-w200-h112-dcAXCOx7wG,PR Newswire,
58,Inside Microsoft's War Over the Israel-Hamas War in Gaza,,6 days ago,2023-11-28 07:16:16.470662,news.google.com/articles/CBMiXmh0dHBzOi8vd3d3LmJ1c2luZXNzaW5zaWRlci5jb20vbWljcm9zb2Z0LXdhci1vdmVyLWlzcmFlbC1oYW1hcy1nYXphLXdhci1zYXR5YS1uYWRlbGxhLTIwMjMtMTHSAQA?hl=en-US&gl=US&ceid=US%3Aen,https://lh3.googleusercontent.com/proxy/MbaS1M4ymoyHiA0KJwI-83FWDz8cvFINEgxpN_HErK48skijf8k_0vYSn7jEqR5SR8ITnTe_HOLutn_MazpNP8K3MWudxkF3ZpyfiCV9bzgQhKA=s0-w200-h112-dcoTSG650I,Business Insider,
59,"Microsoft, Databricks double act tries to sew up the data platform market",,Nov 27,,news.google.com/articles/CBMiSmh0dHBzOi8vd3d3LnRoZXJlZ2lzdGVyLmNvbS8yMDIzLzExLzI3L21pY3Jvc29mdF9kYXRhYnJpY2tzX2RhdGFfcGxhdGZvcm0v0gFOaHR0cHM6Ly93d3cudGhlcmVnaXN0ZXIuY29tL0FNUC8yMDIzLzExLzI3L21pY3Jvc29mdF9kYXRhYnJpY2tzX2RhdGFfcGxhdGZvcm0v?hl=en-US&gl=US&ceid=US%3Aen,https://lh3.googleusercontent.com/proxy/8inyM7s-_WIM5wmZujY7YjVWprh3xu3A8Inpap8qMH7nkMpZKZIWBfC2YnmHzcUd_bu3PBMAlXwSsP7xTmBYNLoArbGiIHzLXhCfL1VTcyWJzlpAkw_iCw=s0-w200-h112-dcNTOQcJkI,The Register,
60,Microsoft Phone Link Might Let Android Users Turn Their Phone Into ...,,4 days ago,2023-11-30 07:16:16.472694,news.google.com/articles/CBMiT2h0dHBzOi8vZmluYW5jZS55YWhvby5jb20vbmV3cy9taWNyb3NvZnQtcGhvbmUtbWlnaHQtbGV0LWFuZHJvaWQtMjExNTAwODEyLmh0bWzSAQA?hl=en-US&gl=US&ceid=US%3Aen,https://lh3.googleusercontent.com/proxy/Xp5eygGHmHbrJ0f8EH9FaWvZEEjZVvA4cEwnCKNkW449OYL_SlFXvvXgt_ML3RRvJhuwhTsYWQ72u9IKcXMkHppJy232t_GgmrRNBctN6GYoECC9DMndiQWgS44sdovtw8PQQEitvPcxUmg7rM2PqyTW2D0ul4HTcTzbWo2rbqt-MKCc7iDI3cn6FxrZq0brnom98uaYJxdVvwDHY2NFuRo7Uh8STlC4MTV_JkZ0UWJQuwka04hsBTLu0nH6vgATxeO0mIeBUfLXc-K_=s0-w200-h112-dcAUCCEZ1nsbQA,Yahoo Finance,
61,How to use Microsoft Office online for free | PCWorld,,4 days ago,2023-11-30 07:16:16.473616,news.google.com/articles/CBMiWGh0dHBzOi8vd3d3LnBjd29ybGQuY29tL2FydGljbGUvMjEyNzkyNi9ob3ctdG8tdXNlLW1pY3Jvc29mdC1vZmZpY2Utb25saW5lLWZvci1mcmVlLmh0bWzSAQA?hl=en-US&gl=US&ceid=US%3Aen,https://lh3.googleusercontent.com/proxy/rFKKuCyHUtjZmgg6SQf7QrI3nCpGZkc--4js4a9VLZZ_0M_gn0rQCssymJVpVRdoMwkKFzwzKCDw6IK8iBQs7AmkuTiHbZIhlQld8g3fBxPyA673ViSnKiZsosQX2x5b7BufpQjc0Qh_zFYRJ0jYk1asidI2O96mZzTzt_lpoWRYeJCHxrllwTCt=s0-w200-h112-dcAXGKKy0G,PCWorld,
62,Options Secures Fifth Microsoft Solutions Partner Status in 12 ...,,5 days ago,2023-11-29 07:16:16.474519,news.google.com/articles/CBMiV2h0dHBzOi8vZmluYW5jZS55YWhvby5jb20vbmV3cy9vcHRpb25zLXNlY3VyZXMtZmlmdGgtbWljcm9zb2Z0LXNvbHV0aW9ucy0xMjAxMDAzNTQuaHRtbNIBAA?hl=en-US&gl=US&ceid=US%3Aen,https://lh3.googleusercontent.com/proxy/z_bAT8xLYIosEjvJP2dLcTHo9hoMQqOg28zWdXZ3eKLZIJ0a2C6Sn2OyTvkrjj-ZPZxYJMdYOTd0uH8J6xoIaLtYAEjwBty177tssOpmb4ipnd8guJoMXiTrwjgq1JNXHI9ko87AUPmpbaR30q3uFT4nIyqo17mXMCLEs0heMsHoNtl_z9XZSPZut5l3OEsnweYtEWG1eSregw7vbozWVAcuvNlOW913tdOjP6Hvj0f81oNMrgtBBabB4WXWWSK2QEOFnGjb-lLqz9keNA=s0-w200-h112-dcgYCKk6zmqA0C,Yahoo Finance,
63,"Microsoft releases .NET 8 for Windows, Mac, and Linux",,5 days ago,2023-11-29 07:16:16.475422,news.google.com/articles/CBMiTmh0dHBzOi8vZmluYW5jZS55YWhvby5jb20vbmV3cy9taWNyb3NvZnQtcmVsZWFzZXMtbmV0LTgtd2luZG93cy0xMTQwMjMxMzcuaHRtbNIBAA?hl=en-US&gl=US&ceid=US%3Aen,https://lh3.googleusercontent.com/proxy/kLgn8oT6pMILk2MloU6i7bG-UfEhfwhGQtrv9pRpky9z_7AbNkJ1IeyI88r1VZ2YsDAKNwTCLqdd-NnkbsaKVUEhJoenwet83lAotrvWb_o4G6393FywEUbKeDlU1-BqB-ZzD0vVvBQ6i07OViSL-ubEsEiuyxMoVKCV_bvYE5p7oVStA8KSncIFwsAbUor_6jPB6JZ6IbWPolnHPSjfxeIDNQCzCaV0T3vk0efEbwcYHDQHoVgfA6okN1x7QbXHrpcNDNU-PdilFM6D=s0-w200-h112-dclVKIrbUG,Yahoo Finance,
64,"Microsoft wants to bring a sixth data center, called Ruthenium, to ...",,4 days ago,2023-11-30 07:16:16.476287,news.google.com/articles/CBMiuQFodHRwczovL3d3dy5kZXNtb2luZXNyZWdpc3Rlci5jb20vc3RvcnkvbmV3cy9sb2NhbC93ZXN0LWRlcy1tb2luZXMvMjAyMy8xMS8zMC9taWNyb3NvZnQtd29ya3MtdG8tYnJpbmctc2l4dGgtZGF0YS1jZW50ZXItdG8td2VzdC1kZXMtbW9pbmVzLWFydGlmaWNpYWwtaW50ZWxsaWdlbmNlLWNoYXQtZ3B0LzcxNzMwMTczMDA3L9IBAA?hl=en-US&gl=US&ceid=US%3Aen,https://lh3.googleusercontent.com/proxy/YJB8LXnsO7cSNkl9zjr8q6SVEROF9nggM6sEdFgLxO36HgZk270-ub9ePl128mnlk29mzlDANk6yJiU0wNG8a7HRm8Eb-HtDOq8P3m-kVJMYtjoP1mcgu3c3FxBFAg_MZje3MCT1wjBI0BmB43hKiIYZ6GVIDu55YJ0rVL_bk4UOJvbBzNz_=s0-w200-h112-dcAaCClFQD,Des Moines Register,
65,Microsoft launches new tool for enhanced ad revenue analytics,,6 days ago,2023-11-28 07:16:16.477178,news.google.com/articles/CBMiTWh0dHBzOi8vc2VhcmNoZW5naW5lbGFuZC5jb20vbWljcm9zb2Z0LW1vbmV0aXplLWluc2lnaHRzLW5ldy1kYXNoYm9hcmQtNDM1MDY40gEA?hl=en-US&gl=US&ceid=US%3Aen,https://lh3.googleusercontent.com/proxy/4VJnwrMg17lz_wUDcnj1RFjlsKkSOQF9GS30KRd2b4me-1LM3OTJ3HBPcDJ5hxxLT0R7M6tyMhexBNfYWMB04H5JqxzG2IXeMPVYUO1XeWkB8Uykr6AF88JhfQRWB3V_oN9m4tOabQ=s0-w200-h112-dcAcOIMM0D,Search Engine Land,
66,Microsoft Aims To Deliver 'Confidential AI' in Partnership with Nvidia,,4 days ago,2023-11-30 07:16:16.478032,news.google.com/articles/CBMiRWh0dHBzOi8vcmVkbW9uZG1hZy5jb20vYXJ0aWNsZXMvMjAyMy8xMS8zMC9henVyZS1jb25maWRlbnRpYWwtYWkuYXNweNIBAA?hl=en-US&gl=US&ceid=US%3Aen,,Redmondmag.com,
67,Key Congress staffers in AI debate are funded by tech giants like ...,,19 hours ago,2023-12-03 12:16:16.478947,news.google.com/articles/CBMiVGh0dHBzOi8vd3d3LnBvbGl0aWNvLmNvbS9uZXdzLzIwMjMvMTIvMDMvY29uZ3Jlc3MtYWktZmVsbG93cy10ZWNoLWNvbXBhbmllcy0wMDEyOTcwMdIBAA?hl=en-US&gl=US&ceid=US%3Aen,https://lh3.googleusercontent.com/proxy/W7TrZGOWkw6clbXo2Y9UvZT6nUidixC0nVGEpNBexueFz65NduyP9hbKVvSKyHHaFXDVOR7eEls7ug99qghTIs8MbHAZafiDSqWapOV8NiBdFbimZu8ck2eLL9cl3rzbRMWvPiArTljk6LImH_ySrVFRldQ-p7hssitFf6a8alkCKSDQf1azciJ_EvmClb7s-zGLm6K0b6Et6SncEt3mCrWYQJmcwjZMcuKpTmC852UXA1mFSJYhaIRUVi04Nfjs6WB182DXmn1zbDv3-VwWhzZFEXwH8Uriq0smX1M8JmnnQF7AihlmXByqvQk0_ANycfqD5jdyMrFge1Xv=s0-w200-h112-dcAVGK0aAI,POLITICO,
68,IBB Law selects Intapp Documents as part of wider Microsoft strategy,,5 days ago,2023-11-29 07:16:16.479860,news.google.com/articles/CBMibGh0dHBzOi8vbGVnYWx0ZWNobm9sb2d5LmNvbS8yMDIzLzExLzI5L2liYi1sYXctc2VsZWN0cy1pbnRhcHAtZG9jdW1lbnRzLWFzLXBhcnQtb2Ytd2lkZXItbWljcm9zb2Z0LXN0cmF0ZWd5L9IBAA?hl=en-US&gl=US&ceid=US%3Aen,https://lh3.googleusercontent.com/proxy/vvdtf5z3X5ATyHnZfjiTxVs9e_qwuf8Zf1agenbL4t5KvZcGOswfBLZ1nQPBf26Ej_IyPDfy1s_rIIydUX-4J9yz1CnBknqKTQPRjjSck7EPS8C1p3yKE6vRZcA=s0-w200-h112-dckQKOUiEK,Legal IT Insider,
69,"Microsoft, Dell and Lenovo laptops vulnerable to Windows Hello ...",,Nov 27,,news.google.com/articles/CBMic2h0dHBzOi8vd3d3LmNvbXB1dGluZy5jby51ay9uZXdzLzQxNTA1MDYvbWljcm9zb2Z0LWRlbGwtbGVub3ZvLWxhcHRvcHMtdnVsbmVyYWJsZS13aW5kb3dzLWhlbGxvLWF1dGhlbnRpY2F0aW9uLWZsYXfSAQA?hl=en-US&gl=US&ceid=US%3Aen,https://lh3.googleusercontent.com/proxy/AstajIzp_ERkuQtNIIjCIGB1ZL4nYJsZptleYRYggh23BUcRtYnmrt1jl58cIZxPZ5hbteb3FZsX2JTwvUprayXhUZju6gU6PADgxbzNBdIo7CZqTelbK0NrS24VTb0zMGTruToR9hRzqodClgazW5-vDAdt1bGnPCeKg_aPGIGVIHO4Xoml957LEX9CaRUScA70as9v=s0-w200-h112-dcAYGU1LAG,Computing,
70,Deal | Microsoft Xbox Series X gaming console drops to all-time low ...,,3 days ago,2023-12-01 07:16:16.481731,news.google.com/articles/CBMigwFodHRwczovL3d3dy5ub3RlYm9va2NoZWNrLm5ldC9EZWFsLU1pY3Jvc29mdC1YYm94LVNlcmllcy1YLWdhbWluZy1jb25zb2xlLWRyb3BzLXRvLWFsbC10aW1lLWxvdy10aGFua3MtdG8tMzAtZGlzY291bnQuNzc2Njc3LjAuaHRtbNIBAA?hl=en-US&gl=US&ceid=US%3Aen,https://lh3.googleusercontent.com/proxy/xMWDQ42bdkh2j0UQkT0Mj2duI2AIhe3Puvov7S2Zh1uZn9bM7gFB6WVgtNV2dzPKG0OrmACfo1t_kD7N8GFnosPvfKvW9pcPfxI4xIjtB2VPOeLTetOwwLIwbBT5qXAfA_nbrSuGXumSPfnbm5LQlkBWYhaaab5FqCjzHVcFqSveyPAKroI=s0-w200-h112-dcATEQ,Notebookcheck.net,
71,2 Artificial Intelligence (AI) Stocks That Are Long-Term Buys,,12 hours ago,2023-12-03 19:16:16.482647,news.google.com/articles/CBMiXWh0dHBzOi8vd3d3LmZvb2wuY29tL2ludmVzdGluZy8yMDIzLzEyLzAzLzItYXJ0aWZpY2lhbC1pbnRlbGxpZ2VuY2UtYWktc3RvY2tzLWxvbmctdGVybS1idXlzL9IBAA?hl=en-US&gl=US&ceid=US%3Aen,https://lh3.googleusercontent.com/proxy/S2VOtfHtU2Vd_gZK6B9ni0osXtP3Wfx0_GLxwxRwzFPrpHPTR-09m9dj8aTEKD_ZZro_KjJrZ7eD1mxLwxVA4BOQ2hiyiA5T_PZ9SENzfnADf5pBTQ=s0-w200-h112-dcFVWMrakH,The Motley Fool,
72,Microsoft SharePoint Embedded launched for public preview as ...,,6 days ago,2023-11-28 07:16:16.483461,news.google.com/articles/CBMigwFodHRwczovL2xlZ2FsdGVjaG5vbG9neS5jb20vMjAyMy8xMS8yOC9taWNyb3NvZnQtc2hhcmVwb2ludC1lbWJlZGRlZC1sYXVuY2hlZC1mb3ItcHVibGljLXByZXZpZXctYXMtcGVwcGVybWludC11bnZlaWxzLWludGVncmF0aW9uL9IBAA?hl=en-US&gl=US&ceid=US%3Aen,,Legal IT Insider,
73,How to turn off Microsoft Word's text predictions,,6 days ago,2023-11-28 07:16:16.484369,news.google.com/articles/CBMiV2h0dHBzOi8vd3d3LnBjd29ybGQuY29tL2FydGljbGUvMjE1NjUyNy9ob3ctdG8tZGVhY3RpdmF0ZS10ZXh0LXByZWRpY3Rpb25zLWluLXdvcmQuaHRtbNIBAA?hl=en-US&gl=US&ceid=US%3Aen,https://lh3.googleusercontent.com/proxy/wylkRG2vSYwpE4YsIA6XBOa3acnLa3vJx3k4YPq7ZKcUtW0e8iccp5EGf9uX5amaRBq_hFvJ_RtUxOAm32Id0vQeZ2NuG5pRucTPy5u7SKgp5NoFtuR9xE1goffX4PIZh4xfhX5emTKQB-JeOyZKXVsCwGyVJvJdya0=s0-w200-h112-dcmYWSKbYG,PCWorld,
74,"The Zacks Analyst Blog Highlights Microsoft, Broadcom, Wells Fargo ...",,5 days ago,2023-11-29 07:16:16.485269,news.google.com/articles/CBMiVWh0dHBzOi8vZmluYW5jZS55YWhvby5jb20vbmV3cy96YWNrcy1hbmFseXN0LWJsb2ctaGlnaGxpZ2h0cy1taWNyb3NvZnQtMDkzODAwMTYzLmh0bWzSAQA?hl=en-US&gl=US&ceid=US%3Aen,https://lh3.googleusercontent.com/proxy/39i0HgjoLl955aynfzn0DGW_LcpDLTz9xtn0QNfAEePueyRjG8aYfbOWxpHRK1gVI_hIFKTKJX3a5H-p36POBWUJ7UPEft_WcuJFbfbRhgfFDSzrcTf6vbqeu3W5LFjPmD2yG7vYBQYxuyTkV4nGoEqatZKNsS-WIEvVzQZiyrluMap7iXzZduHcW4GvQohbfdZH4b2Gra5F96YFhNYI1zl7RMtI-YlSsWk73Kx9rrsQvNruGBzjlkLkVnMnSgA__ysfYoE=s0-w200-h112-dcpYKUja0H,Yahoo Finance,
75,Winter Graduates: Action Required to Maintain Microsoft 365 Access ...,,4 days ago,2023-11-30 07:16:16.486108,news.google.com/articles/CBMiemh0dHBzOi8vd3d3Lml0aGFjYS5lZHUvaW50ZXJjb20vMjAyMy0xMS0zMC13aW50ZXItZ3JhZHVhdGVzLWFjdGlvbi1yZXF1aXJlZC1tYWludGFpbi1taWNyb3NvZnQtMzY1LWFjY2Vzcy1vbmVkcml2ZS1jb250ZW500gEA?hl=en-US&gl=US&ceid=US%3Aen,,Ithaca College,
76,"Microsoft .NET MAUI devs vent over bugs backlog, response times",,5 days ago,2023-11-29 07:16:16.487001,news.google.com/articles/CBMiR2h0dHBzOi8vd3d3LnRoZXJlZ2lzdGVyLmNvbS8yMDIzLzExLzI5L21pY3Jvc29mdF9uZXRfbWF1aV9kZXZzX3VuaGFwcHkv0gFLaHR0cHM6Ly93d3cudGhlcmVnaXN0ZXIuY29tL0FNUC8yMDIzLzExLzI5L21pY3Jvc29mdF9uZXRfbWF1aV9kZXZzX3VuaGFwcHkv?hl=en-US&gl=US&ceid=US%3Aen,https://lh3.googleusercontent.com/proxy/E5bpnQqufRT6f8uobrwjRgiQHSz7zRLU-3OjZS9I8-nGOxjL9uHOZRSxqPOuGaq1W8Yn-e5QaLbbfI9DkxpsUJ099QaB=s0-w200-h112-dcmTgM,The Register,
77,"Microsoft may release Windows '12' in June 2024, dedicated AI ...",,3 days ago,2023-12-01 07:16:16.487898,news.google.com/articles/CBMidWh0dHBzOi8vd3d3Lm5lb3dpbi5uZXQvbmV3cy9taWNyb3NvZnQtbWF5LXJlbGVhc2Utd2luZG93cy0xMi1pbi1qdW5lLTIwMjQtZGVkaWNhdGVkLWFpLWhhcmR3YXJlLW1pZ2h0LWJlLXJlY29tbWVuZGVkL9IBAA?hl=en-US&gl=US&ceid=US%3Aen,https://lh3.googleusercontent.com/proxy/_s9bh8ty_6orT6CBVCgKYzVt57Rih0i6vyZHy2T5I4egIkUXcih3EZ43soEj7kkuOQxOuDj2zBuzGZqF96tLtLs1HGFT29YdeudVx8I_u_DDrYwLH60cHM_WGc5zZg8HsQtqVMgL7qVUZB9CS1A=s0-w200-h112-dcHVSCjLkD,Neowin,
78,Meta + Microsoft – The Formula for VR Success in Business?,,5 days ago,2023-11-29 07:16:16.488803,news.google.com/articles/CBMiZGh0dHBzOi8vd3d3Lm5vaml0dGVyLmNvbS92aWRlby1jb2xsYWJvcmF0aW9uLWF2L21ldGEtbWljcm9zb2Z0LSVFMiU4MCU5My1mb3JtdWxhLXZyLXN1Y2Nlc3MtYnVzaW5lc3PSAQA?hl=en-US&gl=US&ceid=US%3Aen,https://lh3.googleusercontent.com/proxy/t4lQ6_4lrUEYACsHc0gI9PNTSMkf5ZWbwrg3lctF1kJQDBjGer40GLwaGMiieOyexx86Qjl4aZywYoM5SLADq9_X7-Vqfj2hK7EhBfzIkHAnjadQUGx-97c1hoe0qP1g3xMrlIbePzBRG1J39Hj55nvE80t3qZfFxLjZzUO-LSMx=s0-w200-h112-dcLTKIMKEG,No Jitter,
79,Stocks This Week: Buy Microsoft And KLA Corporation,,Nov 27,,news.google.com/articles/CBMibWh0dHBzOi8vd3d3LmZvcmJlcy5jb20vc2l0ZXMvZ3JlYXRzcGVjdWxhdGlvbnMvMjAyMy8xMS8yNy9zdG9ja3MtdGhpcy13ZWVrLWJ1eS1taWNyb3NvZnQtYW5kLWtsYS1jb3Jwb3JhdGlvbi_SAXFodHRwczovL3d3dy5mb3JiZXMuY29tL3NpdGVzL2dyZWF0c3BlY3VsYXRpb25zLzIwMjMvMTEvMjcvc3RvY2tzLXRoaXMtd2Vlay1idXktbWljcm9zb2Z0LWFuZC1rbGEtY29ycG9yYXRpb24vYW1wLw?hl=en-US&gl=US&ceid=US%3Aen,https://lh3.googleusercontent.com/proxy/0GEdmlWNyVT4O6P0D6-BRjtmhQElR1NnZku-XLdMWB9XUOja6okRLE5zf616MwyHGUvjNJlo-rvi9YYa3-VKQs8h5_lBtbA0HWdtoC3m4SaKzWYh-Si4Pm7fYsH2piN4OR7N_ElPbM189xgHYfhI9gGqSXgF30Fdx4mDJ1RwOgXHd40VtDQ2fXDUIpzJgGtKLHboo7VQ7nodnoNsv1o=s0-w200-h112-dcAVWWzR0J,Forbes,
80,Microsoft Xbox just released an Official Limited Edition wristwatch for $80,,5 days ago,2023-11-29 07:16:16.490603,news.google.com/articles/CBMicmh0dHBzOi8vd3d3LnlhbmtvZGVzaWduLmNvbS8yMDIzLzExLzI5L21pY3Jvc29mdC14Ym94LWp1c3QtcmVsZWFzZWQtYW4tb2ZmaWNpYWwtbGltaXRlZC1lZGl0aW9uLXdyaXN0d2F0Y2gtZm9yLTgwL9IBdmh0dHBzOi8vd3d3LnlhbmtvZGVzaWduLmNvbS8yMDIzLzExLzI5L21pY3Jvc29mdC14Ym94LWp1c3QtcmVsZWFzZWQtYW4tb2ZmaWNpYWwtbGltaXRlZC1lZGl0aW9uLXdyaXN0d2F0Y2gtZm9yLTgwL2FtcC8?hl=en-US&gl=US&ceid=US%3Aen,https://lh3.googleusercontent.com/proxy/hWib-rnJjkxlu_iIOy_6oTTJ3hk7hnfQ0qJ-LAu_LSqDSkiERAqbNJGQM1hWwEeLB6jCcrtWfFqXFXmHDECUtiEdEIE40_NtsDt6A2kggHfg1zcXC7KQTpEnv8c73k0JvjKkVd-a-HC8y8aHdEpJ9F2tLjlO=s0-w200-h112-dcqWWOzS0H,Yanko Design,
81,Microsoft Employees Gave OpenAI's CEO Drama an Amazingly ...,,3 days ago,2023-12-01 07:16:16.491773,news.google.com/articles/CBMiOWh0dHBzOi8vZnV0dXJpc20uY29tL3RoZS1ieXRlL21pY3Jvc29mdC1vcGVuYWktZHJhbWEtbmFtZdIBAA?hl=en-US&gl=US&ceid=US%3Aen,https://lh3.googleusercontent.com/proxy/as8m6Hv-3VG-7OqELBdwJ9Cth2H_Qua5mhK-Tm0YykeL99SFfLPOpk4kV8uNrMrxANNbuNfweaj82PLmJP3f_aliqCnzH-EbyJdzb-Zl8fkI-qgdUhZ8gDUd-ITH5Klrgg=s0-w200-h112-dcpRSCrRkH,Futurism,
82,Tax Risk Is Growing for Companies. Trouble Ahead for Cisco ...,,3 days ago,2023-12-01 07:16:16.492758,news.google.com/articles/CBMidWh0dHBzOi8vd3d3Lm1vcm5pbmdzdGFyLmNvbS9zdXN0YWluYWJsZS1pbnZlc3RpbmcvdGF4LXJpc2staXMtZ3Jvd2luZy1jb21wYW5pZXMtdHJvdWJsZS1haGVhZC1jaXNjby1zeXN0ZW1zLW1pY3Jvc29mdNIBAA?hl=en-US&gl=US&ceid=US%3Aen,,Morningstar,
83,Choosing the Right Microsoft Dynamics 365 Consulting Services,,4 days ago,2023-11-30 07:16:16.493672,news.google.com/articles/CBMiZGh0dHBzOi8vc2VjdXJpdHlib3VsZXZhcmQuY29tLzIwMjMvMTEvY2hvb3NpbmctdGhlLXJpZ2h0LW1pY3Jvc29mdC1keW5hbWljcy0zNjUtY29uc3VsdGluZy1zZXJ2aWNlcy_SAWhodHRwczovL3NlY3VyaXR5Ym91bGV2YXJkLmNvbS8yMDIzLzExL2Nob29zaW5nLXRoZS1yaWdodC1taWNyb3NvZnQtZHluYW1pY3MtMzY1LWNvbnN1bHRpbmctc2VydmljZXMvYW1wLw?hl=en-US&gl=US&ceid=US%3Aen,https://lh3.googleusercontent.com/proxy/fl5xDf7qMjt7YPzNooq-8R-haNg0b4699xuJkIogyFRK6n2YFueq_XCJyd_teR5477YAO3mCxtemkO61zlOmzSHfTf9RGu0VohgJun7VRoZ3w_Y9uDd4bNvTA8HmiQ0hujayWIZGNngbb9DYLo1M=s0-w200-h112-dcgSKIE6FowXAB,Security Boulevard,
84,"Synopsys Partners with AMD, Intel, and Microsoft to Advance ...",,Nov 27,,news.google.com/articles/CBMiiAFodHRwczovL3d3dy5kYXRhbmFtaS5jb20vdGhpcy1qdXN0LWluL3N5bm9wc3lzLXBhcnRuZXJzLXdpdGgtYW1kLWludGVsLWFuZC1taWNyb3NvZnQtdG8tYWR2YW5jZS1nZW5lcmF0aXZlLWFpLWluLXNlbWljb25kdWN0b3ItaW5kdXN0cnkv0gEA?hl=en-US&gl=US&ceid=US%3Aen,https://lh3.googleusercontent.com/proxy/BZ3ITYzjIOgoLnu2OFKVlMumk4qjhbI162xquPtIRl_DNfsn6IxX-6asUtsp9z9HxNVdHjbF_Zx7IL-Zf2h_6vo1xorOYKQDfOP2XLPc1UMU-Prx4o3qRu8Tlg=s0-w200-h112-dciZEU,Datanami,
85,"Microsoft improves sharing, inking and Task Manager in Windows ...",,5 days ago,2023-11-29 07:16:16.495431,news.google.com/articles/CBMid2h0dHBzOi8vYmV0YW5ld3MuY29tLzIwMjMvMTEvMjkvbWljcm9zb2Z0LWltcHJvdmVzLXNoYXJpbmctaW5raW5nLWFuZC10YXNrLW1hbmFnZXItaW4td2luZG93cy0xMS13aXRoLWtiNTAzMjI5Mi11cGRhdGUv0gEA?hl=en-US&gl=US&ceid=US%3Aen,https://lh3.googleusercontent.com/proxy/gYJYviOptRNxnDjpVBhg-toCRIHkt471zAbkYW0mVdNYG93FzIrD8AqcchJ4D-7KjAx9sFrOxLc3czSFjSMeDAb6xHyxyEl1nuCHFkmm0NE6rI0netAJbrv0TUB6MSeRbXfcjCI=s0-w200-h112-dcDSSShyIJ,BetaNews,
86,Microsoft Seemingly Developing an AI Therapist,,Nov 27,,news.google.com/articles/CBMiVWh0dHBzOi8vd3d3LnVjdG9kYXkuY29tL2NvbGxhYm9yYXRpb24vbWljcm9zb2Z0LXNlZW1pbmdseS1kZXZlbG9waW5nLWFuLWFpLXRoZXJhcGlzdC_SAQA?hl=en-US&gl=US&ceid=US%3Aen,https://lh3.googleusercontent.com/proxy/N0kqwQBoypi6-hpu3rXmqKDB40FK-AM4dbDJThp6bZVfOEGuL5Y7GC8ruFFGaXZNLemNeRCBId6oGrBPwiUz7hztrcwqFJ7iMiJIFx1Rr4LGU4YUCKliZXf4ctvW_nsJsKdDybgFFAMi2Pm9v4YGniecCw_CtP2OaDH9RKt7MsaT3PEjkJHy3SauMIiwEw=s0-w200-h112-dcJUKMrSXnTK8B,UC Today,
87,NewsGuard sells taxpayer-backed 'fact-checking' tools to Microsoft's Bing Chat: report,,6 days ago,2023-11-28 07:16:16.497214,news.google.com/articles/CBMiYmh0dHBzOi8vbnlwb3N0LmNvbS8yMDIzLzExLzI4L2J1c2luZXNzL25ld3NndWFyZC1zZWxscy10YXhwYXllci1iYWNrZWQtZmFjdC1jaGVja2luZy10b29scy1yZXBvcnQv0gFmaHR0cHM6Ly9ueXBvc3QuY29tLzIwMjMvMTEvMjgvYnVzaW5lc3MvbmV3c2d1YXJkLXNlbGxzLXRheHBheWVyLWJhY2tlZC1mYWN0LWNoZWNraW5nLXRvb2xzLXJlcG9ydC9hbXAv?hl=en-US&gl=US&ceid=US%3Aen,https://lh3.googleusercontent.com/proxy/Y1DKfxEysd-jTkPrxa-vDH0-IO7S81_4s_MpmfnwbMpg1LunfdvOFEp6KKBVenEKtlZnFGvlGHe2yoIld2SGLjJVv0nCXgS4cEJTg_wmJGD3GLVt1o0fugcRT5Xj8XYCuja0dCKaL3tIJqG6ehGX49cdDIgRmQ84aha30Z5S80IFcoOaMW7tqWz410POACovagRd9Q=s0-w200-h112-dcgQSqpAkM,New York Post ,
88,Microsoft Gaming CEO Phil Spencer hints at Xbox achievement improvements and more,,3 days ago,2023-12-01 07:16:16.498110,news.google.com/articles/CBMibmh0dHBzOi8vd3d3Lm5lb3dpbi5uZXQvbmV3cy9taWNyb3NvZnQtZ2FtaW5nLWNlby1waGlsLXNwZW5jZXItaGludHMtYXQteGJveC1hY2hpZXZlbWVudC1pbXByb3ZlbWVudHMtYW5kLW1vcmUv0gFtaHR0cHM6Ly93d3cubmVvd2luLm5ldC9hbXAvbWljcm9zb2Z0LWdhbWluZy1jZW8tcGhpbC1zcGVuY2VyLWhpbnRzLWF0LXhib3gtYWNoaWV2ZW1lbnQtaW1wcm92ZW1lbnRzLWFuZC1tb3JlLw?hl=en-US&gl=US&ceid=US%3Aen,https://lh3.googleusercontent.com/proxy/QTJRxV2QGoaWTEQQzb_Rptor7YbsU-BKG7xjmxk7x-UhYoSeSbzDTmnNPDfTpW0ObyH6gXtU3cdxjfxMKdFOLNRDtE8N4zSgIVPiHKdbGm7JDPSVisI601PJsu2P7h2zf5ztTG9vxmo093rK4cpMXCAK79xx4w=s0-w200-h112-dcLRWOzpEK,Neowin,
89,"IGEL and Imprivata Deliver First ""Tap-and-Go"" Experience for ...",,4 days ago,2023-11-30 07:16:16.499000,news.google.com/articles/CBMisQFodHRwczovL3d3dy5wcm5ld3N3aXJlLmNvbS9uZXdzLXJlbGVhc2VzL2lnZWwtYW5kLWltcHJpdmF0YS1kZWxpdmVyLWZpcnN0LXRhcC1hbmQtZ28tZXhwZXJpZW5jZS1mb3ItbWljcm9zb2Z0LWF6dXJlLXZpcnR1YWwtZGVza3RvcC1hbmQtd2luZG93cy0zNjUtY2xvdWQtcGMtdXNlcnMtMzAyMDAxNzk4Lmh0bWzSAQA?hl=en-US&gl=US&ceid=US%3Aen,https://lh3.googleusercontent.com/proxy/lcxeR5MDUglpgf2mY9pab_GY1AGInGEGVk5gnlgSKoRTJMTpSvSef-VpvDYEBGRdjHJYrg8mravR7IjHbjOcR4VGjyDAH4jVv7ObAsBjUVQkz6Vt9Ro=s0-w200-h112-dcDUCEMdkD,PR Newswire,
90,OneNeck Earns Four Microsoft AI Cloud Partner Designations,,6 days ago,2023-11-28 07:16:16.499902,news.google.com/articles/CBMicmh0dHBzOi8vd3d3LnBybmV3c3dpcmUuY29tL25ld3MtcmVsZWFzZXMvb25lbmVjay1lYXJucy1mb3VyLW1pY3Jvc29mdC1haS1jbG91ZC1wYXJ0bmVyLWRlc2lnbmF0aW9ucy0zMDE5OTk1MDIuaHRtbNIBAA?hl=en-US&gl=US&ceid=US%3Aen,https://lh3.googleusercontent.com/proxy/vOn1SW82DTWb6R5nyQefsz9BE140EEYXyDkdV_Cm-8gAjLBQOd-d-AfrPcuDQVEKaXlckvYvmsKN-BBDs-dV6l0FAJBr0CRpl7mHGdFdd75iy54JH84QbLlXmtoiQUwO7BboLoLZS_i3i8HaT5i06zQhaE9O4Rc=s0-w200-h112-dcBaCOtUQF,PR Newswire,
91,"Over 20,000 vulnerable Microsoft Exchange servers exposed to attacks",,2 days ago,2023-12-02 07:16:16.500773,news.google.com/articles/CBMidGh0dHBzOi8vd3d3LmJsZWVwaW5nY29tcHV0ZXIuY29tL25ld3Mvc2VjdXJpdHkvb3Zlci0yMC0wMDAtdnVsbmVyYWJsZS1taWNyb3NvZnQtZXhjaGFuZ2Utc2VydmVycy1leHBvc2VkLXRvLWF0dGFja3Mv0gF4aHR0cHM6Ly93d3cuYmxlZXBpbmdjb21wdXRlci5jb20vbmV3cy9zZWN1cml0eS9vdmVyLTIwLTAwMC12dWxuZXJhYmxlLW1pY3Jvc29mdC1leGNoYW5nZS1zZXJ2ZXJzLWV4cG9zZWQtdG8tYXR0YWNrcy9hbXAv?hl=en-US&gl=US&ceid=US%3Aen,https://lh3.googleusercontent.com/proxy/Qr0kIRU8Odi2PPah7LZ6-SKlByinMKR3DRPwrmRfSJOn6877FcKlZ3fDOAZi3KSLt7k6JYftOzEa8Fni50u7ly3vbAokoHaF0te3qhEsRK0XPAukyVdR1wVlJ9w6yC21XNzms5yqzu4ISQ=s0-w200-h112-dcIaSUi7kG,BleepingComputer,
92,Direct Travel Unveils New Integration Between Direct2U and ...,,4 days ago,2023-11-30 07:16:16.501674,news.google.com/articles/CBMiV2h0dHBzOi8vZmluYW5jZS55YWhvby5jb20vbmV3cy9kaXJlY3QtdHJhdmVsLXVudmVpbHMtaW50ZWdyYXRpb24tYmV0d2Vlbi0xNDAwMDAzNjEuaHRtbNIBAA?hl=en-US&gl=US&ceid=US%3Aen,https://lh3.googleusercontent.com/proxy/Ec285wLW-wwR-lHb7JHIfkO6zokn6GoOP4w5StND6Niv15VeFeBWsIpPAkUnxZRpi-zZHImztV3SpTxoasUOSaJfmHPZkzUccHd-rYoyJkgC95q5gbOKd7eRHrfk8pGIIyijeb0ZIW4=s0-w200-h112-dciXKMxrYmTAzanlQ,Yahoo Finance,
93,"Microsoft and IMDA to upskill 2,000 SMEs in Singapore by 2025 with ...",,6 days ago,2023-11-28 07:16:16.502547,news.google.com/articles/CBMihwFodHRwczovL25ld3MubWljcm9zb2Z0LmNvbS9lbi1zZy8yMDIzLzExLzI4L21pY3Jvc29mdC1hbmQtaW1kYS10by11cHNraWxsLTIwMDAtc21lcy1pbi1zaW5nYXBvcmUtYnktMjAyNS13aXRoLWRhdGEtYW5kLWFpLWNhcGFiaWxpdGllcy_SAQA?hl=en-US&gl=US&ceid=US%3Aen,https://lh3.googleusercontent.com/proxy/HZX_1i3hqmRbpiOsMoIqI4G_kC0r6ZKe_ZFcrK48rriMhdh72t_tvXQwQmrsf1Dptjdof-XGzFua91lpMW73otbQAH5fN2OgoS8_hpkqFSAR613v57JYZVku26jBaYZBI2LjwGNkWA=s0-w200-h112-dcJSOGra0G,Microsoft,
94,Increases to Microsoft Corporation's (NASDAQ:MSFT) CEO ...,,3 days ago,2023-12-01 07:16:16.503424,news.google.com/articles/CBMiWmh0dHBzOi8vZmluYW5jZS55YWhvby5jb20vbmV3cy9pbmNyZWFzZXMtbWljcm9zb2Z0LWNvcnBvcmF0aW9ucy1uYXNkYXEtbXNmdC0xMDA2NDU4NTguaHRtbNIBAA?hl=en-US&gl=US&ceid=US%3Aen,https://lh3.googleusercontent.com/proxy/yUAjFXKtgvyNhKnbzMIX3xJw514Ca9i1MXMFy-4H79AU3WAARjy9xmc8LbQktvMoDQuR7Y-Gxkkb4YqyO5loJdExh4KBb0T05-Uv6hYl9hQzQfoqG2uRhSKClZ2J6rQgdtWxI1BOj5CmDw=s0-w200-h112-dcIfOMTskE,Yahoo Finance,
95,Sam Altman-OpenAI board crisis: Microsoft CEO Satya Nadella took solace in cricket with updates on India vs Australia,,2 days ago,2023-12-02 07:16:16.504321,news.google.com/articles/CBMiuQFodHRwczovL3d3dy5idXNpbmVzc3RvZGF5LmluL3RlY2hub2xvZ3kvbmV3cy9zdG9yeS9zYW0tYWx0bWFuLW9wZW5haS1ib2FyZC1jcmlzaXMtbWljcm9zb2Z0LWNlby1zYXR5YS1uYWRlbGxhLXRvb2stc29sYWNlLWluLWNyaWNrZXQtd2l0aC11cGRhdGVzLW9uLWluZGlhLXZzLWF1c3RyYWxpYS00MDc5NzYtMjAyMy0xMi0wMtIBvQFodHRwczovL3d3dy5idXNpbmVzc3RvZGF5LmluL2FtcC90ZWNobm9sb2d5L25ld3Mvc3Rvcnkvc2FtLWFsdG1hbi1vcGVuYWktYm9hcmQtY3Jpc2lzLW1pY3Jvc29mdC1jZW8tc2F0eWEtbmFkZWxsYS10b29rLXNvbGFjZS1pbi1jcmlja2V0LXdpdGgtdXBkYXRlcy1vbi1pbmRpYS12cy1hdXN0cmFsaWEtNDA3OTc2LTIwMjMtMTItMDI?hl=en-US&gl=US&ceid=US%3Aen,https://lh3.googleusercontent.com/proxy/3bkkz14caj7N_S9gky59i1v2GXZbhN4B-x2yj0BHoDkhO7CfBE7G2v4DROeRMHAO9Dvp5_SP5rzhw-skM1St5QwCTHIDKRLY1aog6_71GYTtlxX8r2bOoqDZv88cUCylPs8HTQWooJwi6S-FndpklxwJeAU40zmvattVT92-Aa4tcL7Ofw0ABwI=s0-w200-h112-dcAWGSAysog0oC,Business Today,
96,GPT-4's potential in shaping the future of radiology,,Nov 27,,news.google.com/articles/CBMiYmh0dHBzOi8vd3d3Lm1pY3Jvc29mdC5jb20vZW4tdXMvcmVzZWFyY2gvYmxvZy9ncHQtNHMtcG90ZW50aWFsLWluLXNoYXBpbmctdGhlLWZ1dHVyZS1vZi1yYWRpb2xvZ3kv0gEA?hl=en-US&gl=US&ceid=US%3Aen,https://lh3.googleusercontent.com/proxy/zXlawjzcPNLAn1WanVJ6u9yPec26m09l_x2G-VuxxdTy5veu5aduEGUnU-GdnClEN26WJjIlc90_NA1swZRwmhvxpqk-SRbQ6nYZsbk43jlzijXv8DIY2TbQ-OLoLZPwvGhIOPPeZbkl8HT9ZAPlE_35-A=s0-w200-h112-dcjRKAEpGqeogC,Microsoft,
97,RapidFort's Platform Now Available in Microsoft Azure Marketplace,,6 days ago,2023-11-28 07:16:16.506050,news.google.com/articles/CBMiWGh0dHBzOi8vZmluYW5jZS55YWhvby5jb20vbmV3cy9yYXBpZGZvcnQtcGxhdGZvcm0tbm93LWF2YWlsYWJsZS1taWNyb3NvZnQtMTUwMzAwNzI1Lmh0bWzSAQA?hl=en-US&gl=US&ceid=US%3Aen,https://lh3.googleusercontent.com/proxy/3BAjCF8a5ZnTceqETzWohhc_RaCN8AkBdYVAEgQhLaU3lt0N1tvKJGvyrcuWwas_UBUXOHQH6aEzaY5mC9yKQSmRWgsP8xkGBsJ3R6oilFDEjyUNlNpT9SjQ8USKFBp3Bj8_HZ6fSbyEyMEjJhIFhyuzbrgnL4fXpsZ9hzJJvWBAyDK52PEjX8CHGqVGoxVTL6UvefEOe2sN32rqQd3k0fd9RlQd2kfiNkaW5K4n-osqpa7OrBbcxYqpxk9QPpCHkE1jgfevr-Fftu3C-g=s0-w200-h112-dcCZCEpq7lmhJJCzY,Yahoo Finance,
98,"Cisco, Microsoft Are the Latest Sued Over Sensor System Patent",,Nov 27,,news.google.com/articles/CBMiYmh0dHBzOi8vbmV3cy5ibG9vbWJlcmdsYXcuY29tL2lwLWxhdy9jaXNjby1taWNyb3NvZnQtYXJlLXRoZS1sYXRlc3Qtc3VlZC1vdmVyLXNlbnNvci1zeXN0ZW0tcGF0ZW500gEA?hl=en-US&gl=US&ceid=US%3Aen,https://lh3.googleusercontent.com/proxy/-eOhUJw-7fOzRaUKUjpPq0UOtB014JOO3mf0PNxSPldiZCGdkuanZ2HkC5FDUboU9JW41rSiTnp-UIOpcsHJmZHqUx2qsUHGjnPC-5tJtmKqfZFgEJWQu_XXIAGok3E0jKztnsqJkao5iFAUzOS5cst2VbgKbm7gVPYaBAzS0vuHSYnW4CitRoHAJixRAB-JNy-ViQcTAYOe5BldBAun1mmTO4V_33MLRCTjv6K1ntFAF0k5A2B8ynfeb8joKHB2LBknnCz4HMJgcgeKILH7XTeGtt0-M-GNnMqM8n_3RCLN9UARGImfuiHX7jaT2uljUyehAAaDhDUg140xhB_daHpxnYa_s_QP5NcMEmI=s0-w200-h112-dcBVCMZjoF,Bloomberg Law,
99,Microsoft Brings AI to Logic Apps (Standard) with Workflow Assistant ...,,Nov 27,,news.google.com/articles/CBMiQGh0dHBzOi8vd3d3LmluZm9xLmNvbS9uZXdzLzIwMjMvMTEvbG9naWMtYXBwLXdvcmtmbG93LWFzc2lzdGFudC_SAQA?hl=en-US&gl=US&ceid=US%3Aen,https://lh3.googleusercontent.com/proxy/sfIU4AisHa9kf1z0o77DKKu_5egk7xnxAYPR7tgFIj2l6DIZ43cXTGP-rH5IKLpGMFuKnWJBIRwvJyU2c0yAT_6ACXKcSgr3WUwzcObfxDiFeRIRr0PcQuK08So5CPVHRbM6bkPx8uTBg-RPLKaRLAsUefbCieK_8hXki8zi-nG5rZReLutqTfrYXx7VVAf8=s0-w200-h112-dcgWGCLTHmRfIA,InfoQ.com,
